[CH3NH2]-,Methylamine anion,g
[FOO]+,Dioxygenyl fluoride cation,g
F4Mg2,magnesium fluoride,g
Cs+,"Cesium, Ion",g
F4Si,silicon tetrafluoride,g
Cl6W,Tungsten Chloride,g
F2GeO,difluorogermanone,
[CH3Cl]+,Methyl chloride cation,g
CFCl3,freon-11,
CsTaO3,caesium metatantalate,
C35H60O6,Eleutheroside A,
LiIO2,lithium iodite,
Na3AlF6,cryolite,
MoSe2,molybdenum(IV) selenide,
F3Sc,scandium fluoride,
[O2]+,Dioxygen cation,g
CH3CH2O,Ethoxy,g
B4Na2O7,Sodium Borate,"cr,l"
NbO2,Niobium Oxide,g
C2O,dicarbon monoxide,g
Li2CrO4,lithium chromate,
C6H7BO2,phenylboronic acid,
C6H4O2,orthobenzoquinone,
CH3Br,Methyl bromide,g
F3NS,thiazyl trifluoride,
NaVO3,sodium metavanadate,
ClSr,Strontium Chloride,g
HCsO,Cesium Hydroxide,g
OV,Vanadium Oxide,g
CB,Boron Carbide,g
NiTiO3,nickel(II) metatitanate,
[CCN]-,Cyanomethylidyne anion,g
O2Ta,Tantalum Oxide,g
C10H9N5O,kinetin,
C4H2,diacetylene,
BN,boron nitride,g
F3P,phosphorus trifluoride,g
BBrF,Bromofluoroborane,g
BaTeO3,barium tellurite,
CH2CO,ketene,g
CH3CH2COOH,propionic acid,
FPu,plutonium monofluoride,
F2Sn,tin difluoride,
CuF2,copper(II) fluoride,g
[HCNH2]+,Aminomethyliumyl,g
HAlO-,"Aluminum Hydroxide, Ion",g
C3H8O3,glycerol,
[F3]+,Trifluorine cation,g
OTi,Titanium Oxide,g
Al2F6,aluminium fluoride,g
F10Mo2,molybdenum fluoride,g
C2H4N4,"3-amino-1,2,4-triazole",
WCl3,tungsten(III) chloride,
[H2CO]-,Formaldehyde anion,g
ONONO,Nitrosyl nitrite,g
CBrN,Cyanogen Bromide,g
FMg,magnesium monofluoride,g
C2Be,Beryllium Carbide,g
CH4N2O2,hydroxycarbamide,
NaNO3,sodium nitrate,
F5Pu,plutonium pentafluoride,
[HNO]+,Oxoammoniumyl,g
C17H19N3O3S,omeprazole,
KNO2,potassium nitrite,
CH3CH2F,Ethyl fluoride,g
[KrH]+,Krypton hydride cation,g
CH3I,methyl iodide,g
CrF2,chromium(II) fluoride,
NaH2AsO4,sodium dihydrogen arsenate,
C6H3Br3O,"2,4,6-Tribromophenol",
YbBr2,ytterbium(II) bromide,
Sb2Te3,antimony(III) telluride,
ICN,Cyanogen iodide,g
[HCN]+,Hydrogen cyanide cation,g
FOTi,titanium fluoride oxide,g
BaBr2,barium bromide,g
C5H4N4O2,xanthine,
Ba3N2,barium nitride,
CaP,calcium monophosphide,
CsOH,caesium hydroxide,
HCl,Hydrogen Chloride,g
Al2MgO4,magnesium aluminium oxide,"cr,l"
V,Vanadium,g
BCl3,boron trichloride,g
CHO+,"Formyl, Ion",g
K3C6H5O7,potassium citrate,
MgSO4,magnesium sulfate,
P3N5,triphosphorus pentanitride,
C6H5F,fluorobenzene,g
[CH2NH2]-,Aminomethyl anion,g
HK,Potassium Hydride,g
S7,Sulfur,g
EuO,europium monoxide,
Ce2S3,cerium(III) sulfide,
HCOH,Hydroxymethylene,g
BaF,Barium Fluoride,g
BF,Fluoroborane,g
C6H5CH2OH,benzyl alcohol,
MnO2,manganese dioxide,
AuI3,gold(III) iodide,
[O(NN)]-,Oxadiazirine anion,g
[H2OOH]+,Hydroperoxonium,g
AlCl3,aluminium trichloride,g
Cu9S5,copper sulfide digenite,
CCl2FBr,Dichlorofluorobromomethane,g
SrHfO3,strontium hafnate,
AlGaInP,aluminium-gallium-indium phosphide,
Cl,Chlorine,g
Cl2Fe,Iron Chloride,g
BBeO2,Beryllium Borate,g
BBr,Bromoborane,g
MoO2,molybdenum(IV) oxide,g
BCl2,Dichloroborane,g
F5S-,"Sulfur Fluoride, Ion",g
HCCH,acetylene,g
MoCl5,molybdenum(V) chloride,
Au2Se3,gold triselenide,
ZrS2,zirconium sulfide,
F2O5S3,peroxydisulfuryl difluoride,
HClO4,perchloric acid,
H3B3O3,Boroxin,g
B4C,boron carbide,
F4Ti,titanium fluoride,g
Al-,"Aluminum, Ion",g
WF6,tungsten(VI) fluoride,
OF2,oxygen difluoride,
[CH3F]+,Methyl fluoride cation,g
H4N2,Hydrazine,g
MgO3Si,Magnesium Silicate,"cr,l"
BrNa,Sodium Bromide,g
CsSCN,caesium thiocyanate,
Cl2O7,chlorine heptoxide,
CH3CHOHCH3,2-Propanol,g
CuTe,copper(II) telluride,
HI3Si,Triiodosilane,g
Sn3Sb4,tin(IV) antimonide,
NO3,Nitrogen Oxide,g
ClNa,Sodium Chloride,g
HO+,"Hydroxyl, Ion",g
N2H2,diazene,
BiBr3,bismuth(III) bromide,
Ti-,"Titanium, Ion",g
O(OO),Trioxirane,g
HBe+,"Beryllium Hydride, Ion",g
Zr-,"Zirconium, Ion",g
C7H12N2O4,aceglutamide,
C4H7BrO2,2-bromobutyric acid,
TeCl2,tellurium(II) chloride,
C3H4,Propadiene,
CF2Br2,Difluorodibromomethane,g
C10H12O3,coniferyl alcohol,
HBBr2,Dibromoborane,g
AgCN,silver cyanide,
Be2C,beryllium carbide,
CuSe,copper(II) selenide,
SbI3,antimony(III) iodide,
Br2Ca,Calcium Bromide,g
(CH2OH)2,Ethylene glycol,g
F+,"Fluorine, Ion",g
[HONO]-,Hydrogen nitroxylate,g
[CH2CH2OH]+,2-Hydroxyethylium,g
C(NO),Oxazirinyl,g
CoBr2,cobalt(II) bromide,
CuBr2,copper(II) bromide,
CH2CHCH2CH3,1-Butene,g
F2Ho,holmium difluoride,
YC2,yttrium carbide,
AgCNO,silver fulminate,
CsO2,caesium superoxide,
NH4HS,ammonium hydrosulfide,
BeF2,beryllium fluoride,g
HNaO,Sodium Hydroxide,g
C2H4O,ethylene oxide,g
LaPO4,lanthanum(III) phosphate,
C6H4N4,tricyanoaminopropene,
[ClF]+,Chlorine fluoride cation,g
O3W,Tungsten Oxide,g
C9H8O3,o-coumaric acid,
CsNH2,caesium amide,
FHg,Mercury Fluoride,g
CH3CC,1-Propynyl,g
Br3Si,Tribromosilyl,g
Cl4OW,Tungsten Chloride Oxide,g
F8Si3,octafluorotrisilane,
LiHS,lithium hydrosulfide,
C15H10O6,luteolin,
V2O3,vanadium(III) oxide,
[F2]+,Difluorine cation,g
C2H5OCs,caesium ethoxide,
GaN,gallium(III) nitride,
Br4Mg2,Magnesium Bromide,g
PoO3,polonium trioxide,
Cs3PO3,tricaesium phosphite,
SiO2,silica,
AsCl3O,arsenic oxychloride,
CeI2,cerium(II) iodide,
FN,Nitrogen monofluoride,g
[FOOF]-,Dioxygen difluoride anion,g
Mg2Si,Magnesium Silicide,"cr,l"
Br5Nb,Niobium Bromide,g
CBr,Bromomethylidyne,g
Cl2Pb+,"Lead Chloride, Ion",g
C8H6ClN,4-chloroindole,
ZrC,zirconium carbide,
CH3CH2CH3,Propane,g
ClNO2,Nitryl Chloride,g
HNa,Sodium Hydride,g
FLiO,lithium hypofluorite,g
Mn3P2,manganese(II) phosphide,
C5H8O2,gamma-Valerolactone,
NaNbO3,sodium metaniobate,
PbSO4,lead(II) sulfate,
B8K2O13,Potassium Borate,"cr,l"
O2V,Vanadium Oxide,g
FeO2,iron dioxide,
HC9H7O4,acetylsalicylic acid,
SbPO4,antimony(III) phosphate,
AlLiO2,lithium aluminate,"cr,l"
FeI3,iron(III) iodide,
Sb2OS2,antimony oxysulfide,
BaNb2O6,barium metaniobate,
AlBO,aluminium boron oxide,
F3Zr,zirconium trifluoride,g
[CH3O]-,Methoxide,g
[NH]+,Aminyliumyl,g
B6K2O10,Potassium Borate,cr
CIN,Cyanogen Iodide,g
AlO-,"Aluminum Oxide, Ion",g
B10O17Pb2,Lead Borate,cr
CrO,Chromium Oxide,g
C5H6,"1,3-Cyclopentadiene",g
Zn3Sb2,zinc antimonide,
WI2,tungsten(II) iodide,
V2O5,vanadium pentoxide,
C77H120N18O26S,alpha-Endorphin,
Br5W,Tungsten Bromide,g
O5V2,Vanadium Oxide,"cr,l"
FZr,zirconium fluoride,g
FeCl2,iron(II) chloride,
KMnO4,potassium permanganate,
F2Xe,xenon difluoride,
CoMoO4,cobalt(II) molybdate,
[C2H4]+,Ethylene cation,g
NiS,nickel(II) sulfide,g
O2S,Sulfur Dioxide,g
FeCO3,siderite,
AgF,silver fluoride,
C10H11N3O3S,sulfamethoxazole,
C6H7RbO6,rubidium ascorbate,
Ag2Cr2O7,silver dichromate,
HONC,Fulminic acid,g
BO2-,"Boron Oxide, Ion",g
NH2CONH2,urea,
CoSe,cobalt(II) selenide,
CeF3,cerium(III) fluoride,
CF2+,"Difluoromethylene, Ion",g
Ta-,"Tantalum, Ion",g
H3B,Borane,g
C6H6IN,4-iodoaniline,
H3N,Ammonia,g
[OOO]-,Ozonide ion,g
NbO,Niobium Oxide,g
BaSeO3,barium selenite,
AlTe,aluminium monotelluride,
(CH3)CC(CH3),2-Butyne,g
CH3NH,Methylamidogen,g
CrN,Chromium Nitride,g
AlI3,aluminium triiodide,g
KH2AsO4,potassium dihydrogen arsenate,
C14H14Cl2N2O,enilconazole,
C8H11NO,tyramine,
ZrN,zirconium nitride,
[N2]-,Dinitrogen anion,g
Cl2Hg,Mercury Chloride,g
CdI2,cadmium iodide,
CsN3,caesium azide,
(CFH2)2,"1,2-Difluoroethane",g
[CHF]+,Fluoromethyliumyl,g
[CNN]-,Diazomethylene anion,g
[CNN]+,Diazomethyliumyl,g
O9W3,Tungsten Oxide,g
C4H7NO4,aspartic acid,
NaAsO2,sodium metaarsenite,
SrTiO3,strontium metatitanate,
[ClO]-,Hypochlorite,g
HfBr4,hafnium(IV) bromide,
K-,"Potassium, Ion",g
F2Ti,titanium difluoride,g
AlO+,"Aluminum Oxide, Ion",g
BrCl5,bromine pentachloride,
C10H17NO3,boc-4-piperidone,
KIO3,potassium iodate,
Br-,"Bromine, Ion",g
BrF5S,Sulfur Bromide Fluoride,g
H2Li2O2,Lithium Hydroxide,g
Na2SeO4,sodium selenate,
CrCl3,chromium(III) chloride,
CH3CH2CH2OH,1-propanol,
Rb3PO3,trirubidium phosphite,
C4H4N4,"1,3,5,7-tetrazocine",
[CH3CH2O]+,Ethyloxoniumylidene,g
S2Br2,sulfur(II) bromide,
CO,Carbon Monoxide,g
FFe,Iron Fluoride,g
F2Pb,lead difluoride,g
LiBrO2,lithium bromite,
C6H10O4,glucal,
Li2SO4,lithium sulfate,
C17H21NO4,cocaine,
HNCO,isocyanic acid,g
Hf+,"Hafnium, Ion",g
Cl2Na2,Sodium Chloride,g
CrF3,chromium(III) fluoride,
AlBr,aluminium monobromide,g
[H2NN]+,1-Hydrazinylium-1-yl,g
BrZr,Zirconium Bromide,g
F2Hg,mercury fluoride,g
C5H5N3O2,2-amino-nitropyridine,
C4H8,cyclobutane,
F3Gd,gadolinium trifluoride,
InTe,indium(II) telluride,
CH2CF2,Difluorovinylidene,g
CrBr2,chromium(II) bromide,
F3Sb,antimony trifluoride,
N2O5,dinitrogen pentaoxide,g
GeO,germanium(II) oxide,
CH3HgCH3,dimethylmercury,
WOBr3,tungsten(V) oxytribromide,
LiHSO4,lithium hydrogen sulfate,
FeF2,iron fluoride,
HN,Imidogen,g
I4Mo,Molybdenum Iodide,g
MnS,manganese sulfide,
COF2,Difluorophosgene,g
I3Si,Triiodosilyl,g
OS2,Sulfur Oxide,g
As4S4,tetraarsenic tetrasulfide,
Ag2Te,silver(I) telluride,
FI2,monofluorodiiodine,
[HOF]-,Hypofluorous acid anion,g
H2BO2,Dihydroxyborane,g
ZnSO3,zinc sulfite,
NaHS,sodium hydrosulfide,
BPO4,boron(III) orthophosphate,
C3Al4,Aluminum Carbide,cr
Al2Cl6,Aluminum Chloride,g
Cl3Si,Trichlorosilyl,g
WO2,tungsten(IV) oxide,
C3H5N3O9,nitroglycerine,
C6H6O3,hydroxymethylfurfural,
C8H7N,indole,
NaIO4,sodium periodate,
[HCO]+,Oxomethylium,g
Co+,"Cobalt, Ion",g
ClFO3,Perchloryl Fluoride,g
C20H28O2,tretinoin,
FeBr3,iron(III) bromide,
AgF2,silver(II) fluoride,
LiBrO,lithium hypobromite,
SF4,sulfur tetrafluoride,
CF3CF3,Hexafluoroethane,g
[HNNN]-,Hydrazoic acid anion,g
FMo,molybdenum monofluoride,g
Cl2Cu,Copper Chloride,cr
HLiO,Lithium Hydroxide,g
OW,Tungsten Oxide,g
Fe2SiO4,fayalite,
CsNbO3,caesium niobate,
FOF,Oxygen difluoride,g
Fe,Iron,g
Ba,Barium,g
Pb,Lead,g
C7H6O2,benzoic acid,
CH3SH,methanethiol,
C4H4N2O2,uracil,
HgCl2,mercury(II) chloride,
CHFBr2,Fluorodibromomethane,g
Zn2P2O7,zinc pyrophosphate,
DNa,sodium deuteride,
AuTe,gold telluride,
CHFO,Formyl Fluoride,g
B2O2,Boron Oxide,g
CuSO4,copper(II) sulfate,
C5H10O2,3-Methylbutanoic acid,
TlBr,thallium(I) bromide,
NCl3,nitrogen trichloride,
C2H5ONa,sodium ethoxide,
S2Si,Silicon Sulfide,"cr,l"
C17H13ClN4,alprazolam,
C9H6N2,5-cyanoindole,
CCuN,Copper Cyanide,cr
Br6W,Tungsten Bromide,g
Cl3FSi,Trichlorofluorosilane,g
CsClO4,caesium perchlorate,
C5H6N2OS,methylthiouracil,
NaC6H7O7,monosodium citrate,
CoSb,cobalt antimonide,
CH3CH2I,Ethyl iodide,g
BrHg,Mercury Bromide,g
CrI3,chromium(III) iodide,
NOBr,nitrosyl bromide,
AsO,arsenic monoxide,
BrNO,Nitrosyl Bromide,g
S,Sulfur,g
BiF3,bismuth(III) fluoride,
F6Mo,molybdenum hexafluoride,g
Mg2O4Ti,Magnesium Titanium Oxide,"cr,l"
B6O10Pb,Lead Borate,cr
CuFe2O4,copper(II) iron(II) oxide,
F4Hf,hafnium fluoride,
RbBrO2,rubidium bromite,
F3NaSn,sodium trifluorostannate,
MgSiO3,magnesium metasilicate,
HC(OO),Dioxiranyl,g
AgPF6,silver hexafluorophosphate,
Fe2O12W3,iron(III) orthotungstate,
Al2O5Si,andalusite,cr
Ga,Gallium,g
AuCl3,gold trichloride,
C12H16O7,arbutin,
[FHF]-,Bifluoride,g
[C6H5Br]+,Bromobenzene cation,g
Cl3P,Phosphorus Chloride,g
CO3,carbon trioxide,
BrCl3,bromine trichloride,
C4H6N4O,"2,4-diamino-6-hydroxypyrimidine",
C12H10,biphenyl,
C2H4,ethylene,g
CBr2FCl,Dibromofluorochloromethane,g
CH2(CHC),1-Cyclopropen-1-yl,g
Ni3S2,Nickel Sulfide,"cr,l"
COS,Carbon Oxide Sulfide,g
H2O4S,Sulfuric Acid,g
Cs2S,caesium sulfide,
CH3OH,Methanol,g
LiNO,Lithium Oxynitride,g
H2MgO2,Magnesium Hydroxide,g
ClPb+,"Lead Chloride, Ion",g
MnAs,manganese(III) arsenide,
C5H5IN2,2-amino-5-iodopyridine,
C12H16O4,"2,4,5-Trimethoxypropiophenone",
C3N12,cyanuric triazide,
CF2ClBr,Difluorochlorobromomethane,g
NNO,Nitrous oxide,g
ICH2CH2OH,2-Iodoethanol,g
ZnTiO3,zinc metatitanate,
MoBr2,molybdenum(II) bromide,
BaHfO3,barium hafnate,
C8H8N2OS,2-amino-6-methoxybenzothiazole,
H3NO,Nitrogen hydride oxide,g
C7H5Br3O,"2,4,6-tribromoanisole",
AlCl6K3,potassium hexachloroaluminate,cr
[CF]+,Fluoromethyliumylidene,g
BTi,Titanium Boride,cr
Cl3PS,Thiophosphoryl Chloride,g
BrF5,bromine pentafluoride,g
FNa2,disodium monofluoride,
C17H36,heptadecane,
MnI2,manganese(II) iodide,
Cl-,"Chlorine, Ion",g
As3P,arsenic(III) phosphide,
NH4ClO4,Ammonium perchlorate,
F2Ni,nickel difluoride,
AlF4Li,lithium tetrafluoroaluminate,g
C4H7NO2,1-Aminocyclopropanecarboxylic acid,
K+,"Potassium, Ion",g
Br2K2,Potassium Bromide,g
ClK,Potassium Chloride,g
C5H11NO2S,methionine,
Li2NbO3,lithium metaniobate,
CaHPO4,dicalcium phosphate,
BiI3,bismuth(III) iodide,
K2CrO4,potassium chromate,
CH3CH2OH,ethanol,g
HIO,hypoiodous acid,
Tl2TeO3,thallium(I) tellurite,
Ac2O3,actinium(III) oxide,
FeCl3,iron(III) chloride,
H2Cl2Si,Dichlorosilane,g
Cd2Nb2O7,cadmium niobate,
FI,iodine monofluoride,g
[NH2]-,Amide,g
[CH3CHOH]+,1-Hydroxyethylium,g
HF2K,Potassium Fluoride,"cr,l"
Br2Fe,Iron Bromide,g
Cl2MoO2,Molybdenum Chloride Oxide,g
VI3,vanadium(III) iodide,
ErCl3,erbium(III) chloride,
C8H18,Octane,g
[CH2]+,Methyliumyl,g
F2N,Nitrogen difluoride,g
BeBr2,beryllium bromide,g
Ta,Tantalum,g
FRb,rubidium fluoride,
ZnSeO4,zinc selenate,
ZnS,zinc sulfide,
[O2]-,Dioxygen anion,g
C4H8N2O3,asparagine,
AgN3,silver azide,
CeF4,cerium(IV) fluoride,
CCN,Cyanomethylidyne,g
[CH2CCH]-,"1,2-Propadienyl anion",g
BeSO4,beryllium sulfate,
Ba2V2O7,barium pyrovanadate,
CH3OO,Methylperoxy,g
Mg,Magnesium,g
BaWO4,barium tungstate,
F7Re,rhenium heptafluoride,
RbClO3,rubidium chlorate,
COO,Dioxymethylidyne,g
F2Hg2,mercury fluoride,cr
EuS,europium monosulfide,
TeBr2,tellurium(II) bromide,
GeH3COOH,2-germaacetic acid,
H6TeO6,telluric acid,
C20H34O5,dinoprost,
C5H4N2O4,orotic acid,
CCH2,Vinylidene,g
C,Carbon,g
Br3Zr,Zirconium Bromide,g
C6H5NO3,4-nitrophenol,
AsP3,arsenic triphosphide,
KHCO3,potassium bicarbonate,
CuIO3,copper(I) iodate,
CuSiO3,copper(II) metasilicate,
H2CO,formaldehyde,g
AlBO3,aluminium borate,
GaTe,gallium(II) telluride,
SnS,tin(II) sulfide,
C12H11N7,triamterene,
NaF,sodium fluoride,
C4H8O,tetrahydrofuran,
Fe3O4,magnetite,cr
I3Mo,Molybdenum Iodide,g
Br4Mo,Molybdenum Bromide,g
W,Tungsten,g
C6H5Cl,chlorobenzene,g
AlClF,aluminium chloride fluoride,g
Na2O4W,Sodium Tungsten Oxide,cr
HCNH2,Aminomethylene,g
F6NP3,nitridotriphosphorous hexafluoride,
H2S2O5,disulfurous acid,
EuF3,europium trifluoride,
[CH3CH2]-,Ethanide,g
K2O3Si,Potassium Silicate,"cr,l"
CaO2,calcium peroxide,
[CCO]+,Dicarbon monoxide cation,g
[CH3CHO]+,Acetaldehyde cation,g
[H2CNH]+,Methanimine cation,g
Mg3N2,Magnesium Nitride,cr
Al2BeO4,beryllium aluminium oxide,"cr,l"
CFCl2CF2Cl,freon-13,
RbClO,rubidium hypochlorite,
C16H28N2O6Zn,zinc acexamate,
[HCl]+,Chloroniumyl ion,g
Ag2S,silver sulfide,
[CCO]-,Dicarbon monoxide anion,g
HONO,Nitrous acid,g
BNaO2,Sodium Borate,g
Si+,"Silicon, Ion",g
C7H6N2,Benzimidazole,
F3Ho,holmium trifluoride,
H2S2O6,dithionic acid,
[COF]+,Fluoroisoformyl cation,g
C4N2,2-Butynedinitrile,g
N2O3,dinitrogen trioxide,g
GaAs,gallium(III) arsenide,
Cs2WO4,caesium orthotungstate,
CdBr2,cadmium bromide,
Fe3H2Na2O45Si,chrysotile,
[C2H4]-,Ethylene anion,g
F2K2,dipotassium difluoride,g
Mg3O8P2,Magnesium Phosphate,"cr,l"
FSi,Fluorosilylidyne,g
ZnSe,zinc selenide,
Mg3As2,magnesium arsenide,
C8H8,cubane,
Ca3N2,calcium nitride,
FCH2CH2OH,2-Fluoroethanol,g
EuNbO2,europium niobium dioxide,
Sc2O3,scandium oxide,
BO2,Boron Oxide,g
K2,Potassium,g
HBO-,"Boron Hydride Oxide, Ion",g
SF6,Sulfur Hexafluoride,
C7H9BO3,4-boronoanisole,
CsH2PO4,monocaesium phosphate,
[CO]+,Carbon monoxide cation,g
Cu2O,copper(I) oxide,"cr,l"
ClS,Sulfur Chloride,g
RuF6,ruthenium hexafluoride,
C4H10O3,diethylene glycol,
CH2Br2,Methylene bromide,g
Cl5Nb,Niobium Chloride,g
FMnO3,manganese fluoride trioxide,
NH2COOH,carbamic acid,
CdTiO3,cadmium titanate,
InI,indium(I) iodide,
Na2HPO3,disodium phosphite,
CoCl2,cobalt(II) chloride,
Cl4Fe2,Iron Chloride,g
H2F2Si,Difluorosilane,g
Cl4Zr,Zirconium Chloride,g
C63H91CoN13O14P,methylcobalamin,
LiNa,lithium sodium,
P2Se3,diphosphorus triselenide,
AlCl+,"Aluminum Chloride, Ion",g
H+,"Hydrogen, Ion",g
BrSr,Strontium Bromide,g
B2Be3O6,Beryllium Borate,cr
BF3,boron trifluoride,g
FeVO4,iron(III) orthovanadate,
C7H5NS2,2-mercaptobenzothiazole,
F3Lu,lutetium trifluoride,
C6H12,cyclohexane,g
KClO3,potassium chlorate,
H2CSO,sulfine,
C2H3,Vinyl,g
CH,Methylidyne,g
[HCCO]-,Ethynol anion,g
[NNCC]-,Diazoethenylidene anion,g
OOF2,Oxygen fluoride,g
AlClF2,Aluminum Chloride Fluoride,g
C5H5N5,adenine,
[HC(O)O]-,Formate,g
F4P2,diphosphorus tetrafluoride,
SrI2,strontium iodide,
C11H12N2O2,tryptophan,
HAlO,Aluminum Hydroxide,g
B3N3H6,borazine,
Bi2Se3,bismuth(III) selenide,
Na2ZnO2,sodium zincate,
C9H9N,methylketol,
LiIO4,lithium periodate,
H2FeO2,Iron Hydroxide,g
HBr,hydrogen bromide,g
[N2]+,Dinitrogen cation,g
AlF6K3,potassium hexafluoraluminate,cr
Na2O5Si2,Sodium Silicate,"cr,l"
F4Zr,zirconium tetrafluoride,g
C4H2Cl2N2,"2,4-dichloropyrimidine",
C5H5N5O,guanine,
C6H14,Hexane,g
KBrO,potassium hypobromite,
VCl3,vanadium(III) chloride,
Cs2SiO3,caesium metasilicate,
HgWO4,mercury(II) tungstate,
NaBrO3,sodium bromate,
Al6O13Si2,mullite,cr
CsIO3,caesium iodate,
Na3PO4,trisodium phosphate,
F3NO,nitrogen trifluoride oxide,g
As2S5,arsenic pentasulfide,
NH4OH,ammonium hydroxide,
CH2CHCHCH2,"1,3-butadiene",
Ag3PO4,silver phosphate,
HOSr+,"Strontium Hydroxide, Ion",g
AlO2-,"Aluminum Oxide, Ion",g
HB3F2O3,Difluoroboroxin,g
C9H6OS,thiochromone,
C59H80N4O22S4,esperamicin,
C3H8,propane,
C10H16,limonene,
[H3]+,Trihydrogen cation,g
C10H14O,mentha spicata herb oil,
H2NCH2COOH,glycine,
H3PO2,hypophosphorous acid,
F4ORe,rhenium tetrafluoride oxide,
NH4Br,ammonium bromide,
Cr+,"Chromium, Ion",g
As2P2,arsenic diphosphide,
C6H6BClO2,4-chlorophenylboronic acid,
Cu3As,copper(I) arsenide,
Na2S4,sodium tetrasulfide,
H2S2O8,peroxydisulfuric acid,
C6H8N2O2S,ethyl 2-aminothiazole-4-carboxylate,
NP,Phosphorus Nitride,g
SnSe,tin(II) selenide,
FNS,thiazyl fluoride,
DyCl3,dysprosium(III) chloride,
O2NONO2,Dinitrogen pentoxide,g
BiOCl,bismuth(III) oxychloride,
FGe,germanium monofluoride,
PoCl2,polonium dichloride,
UO2,uranium dioxide,
[CH3CO]+,Acetylium,g
TeY,yttrium telluride,
SeBr4,selenium(IV) bromide,
NbI5,niobium(V) iodide,
TlOH,thallium(I) hydroxide,
RbHSO4,rubidium bisulfate,
C5H4O2S,b-thiophenic acid,
[H2O2]+,Hydrogen peroxide cation,g
HBr3Si,Tribromosilane,g
CHCl3,methyl trichloride,g
HOOCCOOH,oxalic acid,
C6H5NO,Nitrosobenzene,g
[NCCN]-,Cyanogen anion,g
Ti+,"Titanium, Ion",g
Zn,Zinc,g
YF3,yttrium fluoride,
C2H7NO3S,taurine,
TiCl3I,titanium(IV) trichloroiodide,
As2O5,arsenic pentoxide,
C6H5I,iodobenzene,g
Na2HPO4,disodium phosphate,
UN,uranium nitride,
C5H12,pentane,
C8H6Cl2O3,"2,4-dichlorophenoxyacetic acid",
[CNC]+,Isocyanomethyliumylidene,g
BeBr,Beryllium Bromide,g
Mo+,"Molybdenum, Ion",g
H7F7,Hydrogen Fluoride,g
H8O7S,"Sulfuric Acid, Trihydrate","cr,l"
H2CrO4,chromic acid,
C2F4,tetrafluoroethylene,g
CNa2O3,Sodium Carbonate,l
ClW,Tungsten Chloride,g
O2+,"Oxygen, Ion",g
BiBO3,bismuth(III) orthoborate,
C2H7NO2,ammonium acetate,
[C6H5Cl]+,Chlorobenzene cation,g
[NCO]+,Cyanato cation,g
H5F5,Hydrogen Fluoride,g
Al2Te,dialuminium telluride,
Sr2RuO4,strontium ruthenate,
FXe,xenon monofluoride,
FCCF,"1,2-Difluoroacetylene",g
ClD,Hydrochloric Acid-D,g
F6La2,lanthanum trifluoride dimer,
Li2HPO4,dilithium phosphate,
CNCN,Isocyanogen,g
ClNO,Nitrosyl Chloride,g
O2NNO2,Dinitrogen tetraoxide,g
[D2]+,Deuterium molecule cation,g
Cs-,"Cesium, Ion",g
Au2S,gold sulfide,
NaHSO3,sodium bisulfite,
H2NNH2,hydrazine,g
FNC,Isocyanogen fluoride,g
Cl6Mo,Molybdenum Chloride,g
Cl4W,Tungsten Chloride,g
B2O3,boron(III) oxide,g
CsClO3,caesium chlorate,
RbIO,rubidium hypoiodite,
HCCCCH,"1,3-Butadiyne",g
CF3Br,Bromotrifluoromethane,g
[N3]+,Trinitrogen cation,g
[FCO]-,Formyl fluoride,g
F3Fe,iron trifluoride,g
BaBr,Barium Bromide,g
HHg,Mercury Hydride,g
H3CCH2CH3,propane,
C2H6,Ethane,g
KHSO3,potassium bisulfite,
FOO,Dioxygenyl fluoride,g
CNO,NCO Radical,g
[NCN]+,Cyanoaminyliumyl,g
Cs,Cesium,g
CCl3,Trichloromethyl,g
HLiO+,"Lithium Hydroxide, Ion",g
CuSCN,copper(I) thiocyanate,
COBr2,Dibromophosgene,g
F3La,lanthanum trifluoride,
SbBr3,antimony(III) bromide,
C6H6N2O,nicotinamide,
SrBr2,strontium bromide,
C4H6O4,succinic acid,
Ag2MoO4,silver molybdate,
CAl,Aluminum Carbide,g
MgN,Magnesium Nitride,g
ClCo,Cobalt Chloride,g
LiClO2,lithium chlorite,
LiCl,lithium chloride,
Al2Cl9K3,potassium aluminium chloride,cr
CNaO3,Sodium Carbonate,"cr,l"
Li+,"Lithium, Ion",g
C5H12O2,neopentyl glycol,
CH3CHCHCH3,2-butene,g
RbClO4,rubidium perchlorate,
KOH,potassium hydroxide/custic potash,
C17H14F3N3O2S,celecoxib,
CHCl2F,Dichlorofluoromethane,g
I2Zr,Zirconium Iodide,g
BrLi,Lithium Bromide,g
BFO,Boron Fluoride Oxide,g
Co2TiO4,cobalt(II) titanite,
ZnCO3,zinc carbonate,
EuF,europium monofluoride,
SrC2O4,strontium oxalate,
CH3C,Ethylidyne,g
Na2C2O4,sodium oxalate,
AgBF4,Silver tetrafluoroborate,
HOBr,hypobromous acid,g
ClCs,Cesium Chloride,g
CCl2,Dichloromethylene,g
ClCH2CH2OH,2-Chloroethanol,g
D3N,Ammonia-D,g
Al2O,dialuminium monoxide,g
BBrCl2,Bromodichloroborane,g
C5H5ClN2,2-amino-4-chloropyridine,
ZnBr2,zinc bromide,
Mn3Sb2,manganese(II) antimonide,
F4OP2,diphosphorus tetrafluoride oxide,
[HNO3]-,Hydroxydioxonitrate,g
Ga2O3,gallium(III) oxide,
Cs2CrO4,caesium chromate,
KCl,potassium chloride,
K2S2O8,potassium persulfate,
C8H6N2O,4-quinazolinol,
[NO3]+,Nitrato,g
CTa,Tantalum Carbide,"cr,l"
H2S,hydrogen sulfide,g
ArFH,argon fluoride hydride,
Ca,Calcium,g
C5FeO5,Iron Carbonyl,g
INa,Sodium Iodide,"cr,l"
BeS,beryllium sulfide,g
H2+,"Hydrogen, Ion",g
LiAlH4,lithium aluminium hydride,
NH4CO2NH2,ammonium carbamate,
Li2HAsO4,dilithium hydrogen arsenate,
H2NN,Isodiazene,g
NaClO2,sodium chlorite,
F3SW,tungsten trifluoride monosulfide,
H2COO,Dioxymethyl,g
C2F3N,Trifluoroacetonitrile,g
I4Ti,Titanium Iodide,g
O5Ti3,Titanium Oxide,"cr,l"
H2Mg,Magnesium Hydride,cr
Cl3Li3,Lithium Chloride,g
B-,"Boron, Ion",g
CF,Fluoromethylidyne,g
F3NO2S,difluoroaminosulfonyl fluoride,
NaClO3,sodium chlorate,
Rb2S,rubidium sulfide,
NZr,Zirconium Nitride,g
AlI,aluminium monoiodide,g
FCO,Fluoroformyl,g
Na2S,sodium monosulfide,"cr,l"
CdS,cadmium sulfide,
TlPF6,thallium(I) hexafluorophosphate,
[CH4]+,Methane cation,g
CH2(CHCH),Cyclopropene,g
IBr,iodine monobromide,g
Cr2N,Chromium Nitride,cr
FP-,"Phosphorus Fluoride, Ion",g
CrO2,chromium(IV) oxide,g
COCl2,phosgene,g
FS,monosulfur monofluoride,g
WBr3,tungsten(III) bromide,
LiIO3,lithium iodate,
FGaO,gallium monofluoride monoxide,
Ag2SO4,silver sulfate,
KH,potassium hydride,
H6F6,Hydrogen Fluoride,g
C(CC),2-Cyclopropyn-1-ylidene,g
Al2O2+,"Aluminum Oxide, Ion",g
PbI2,lead(II) iodide,
HOI,Hypoiodous acid,g
HNO3,Nitric Acid,g
[HCCH]-,Acetylene anion,g
Fe2I4,diiron tetraiodide,g
Cl2OTi,Titanium Chloride Oxide,g
ClFMg,Magnesium Chloride Fluoride,g
HP,Phosphinidene,g
C2F6,Hexafluoroethane,g
CBr3F,Fluorotribromomethane,g
FeBr2,iron(II) bromide,
InP,indium(III) phosphide,
AuCN,gold cyanide,
ZrB2,zirconium boride,
CH2(OH)2,Methanediol,g
[C2H3]+,Vinylium,g
BrK,Potassium Bromide,g
I2Mo,Molybdenum Iodide,g
C2H5ORb,rubidium ethoxide,
O(CH2CH2),Oxirane,g
O2,dioxygen,ref
[HNNN]+,Hydrazoic acid cation,g
BrI,Iodine Bromide,g
H4BLi,Lithium Tetrahydroborate,cr
C5H11NO2,valine,
Cs2TeO4,caesium tellurate,
(CHCH)CHCH2CH(CHCH),Norbornadiene,g
B2O,Boron Oxide,g
Cs2SO3,caesium sulfite,
RbBrO4,rubidium perbromate,
AlP,aluminium monophosphide,
SnO,tin(II) oxide,
[CF]-,Fluoromethylidyne anion,g
HAlO2,Aluminum Hydroxide Oxide,g
CH2OHCH2OH,ethylene glycol,
H2HO,Deuterium hydrogen monoxide,
C8H9NO2,methyl anthranilate,
C6H4,o-Benzyne,g
BrPb,Lead Bromide,g
[HNC]+,Hydrogen isocyanide cation,g
OP,Phosphorus Oxide,g
MoO2,Molybdenum Oxide,cr
ClPb,Lead Chloride,g
TaCl5,tantalum(V) chloride,
NiO,nickel(II) oxide,
GaCl2,gallium(II) chloride,
[CH3OH]-,Methanol anion,g
C4H10O,diethyl ether,
[CH3C]-,Ethylidyne anion,g
I2Pb,Lead Iodide,g
Cl2Si,Dichlorosilylene,g
H4Si,Silane,g
F4S,sulfur tetrafluoride,g
ZnCl2,zinc chloride,
C20H25N3O,Lysergic Acid Diethylamide,
[HOCl]-,Hypochlorous acid anion,g
Rb2SO3,rubidium sulfite,
NiI2,nickel(II) iodide,
CHN,Hydrogen Cyanide,g
CuBr,copper(I) bromide,
[CO2]+,Carbon dioxide cation,g
O3V2,Vanadium Oxide,"cr,l"
C2Cl4,Tetrachloroethene,g
C6H4BrNO2,5-bromonicotinic acid,
UCl3,uranium trichloride,
Zn3N2,zinc nitride,
F2Se,selenium difluoride,
H3FeO3,Iron Hydroxide,cr
[C2H6]+,Ethane cation,g
N2O,dinitrogen oxide,g
Pb2,Lead,g
CO2-,"Carbon Dioxide, Ion",g
MgI2,magnesium iodide,
CH3COCH3,acetone,
[HCCH]+,Acetylene cation,g
C4H3Cl2N3,"2-amino-4,6-dichloropyrimidine",
FNO2,nitryl fluoride,g
O4SiZr,Zirconium Silicate,cr
OPb,Lead Oxide,g
Cr2Te3,chromium(III) telluride,
LiClO,lithium hypochlorite,
C6H5CHO,benzaldehyde,
[NOO]+,Peroxyimidogen cation,g
[H2NNH2]+,Hydraziniumyl,g
Ca2,Calcium,g
RbCN,rubidium cyanide,
Si3N4,silicon nitride,
YbI3,ytterbium(III) iodide,
ClF,chlorine fluoride,g
[NH]-,Imidogen anion,g
[CH4]-,Methane anion,g
ClKO4,Potassium Perchlorate,cr
H6B3N3,Borazine,g
H2Br2Si,Dibromosilane,g
NaCl,Sodium Chloride,
Cl2O8,Chlorine octaoxide,
H2CN,Methyleneamidogen,g
KNbO3,potassium niobate,
RbHSO3,rubidium bisulfite,
InAs,indium(III) arsenide,
BO,Boron Oxide,g
AlBO2,Aluminum Borate,g
IMg,Magnesium Iodide,g
C2Mg,Magnesium Carbide,cr
Ni3S4,Nickel Sulfide,cr
C10H16O,camphor,
C10H9NO2,5-methoxyindole-3-carboxaldehyde,
CN-,Cyanide,g
BeCl+,"Beryllium Chloride, Ion",g
BeClF,Beryllium Chloride Fluoride,g
CCl,Chloromethylidyne,g
C21H30O2,Tetrahydrocannabinol,
BeCl,Beryllium Chloride,g
Na2TeO4,sodium tellurate,
Au2S3,gold trisulfide,
UCl4,uranium tetrachloride,
KBr,potassium bromide,
C11H14N2O,5-methoxytryptamine,
BrOO,Bromodioxy,g
Cl2K2,Potassium Chloride,g
N2O+,"Nitrogen Oxide, Ion",g
Al2,Aluminum,g
HFO,Hypofluorous Acid,g
AsTl,thallium arsenide,
CrCl4,chromium(IV) chloride,
UBr3,uranium tribromide,
CH3CH(CH3)CH3,Isobutane,g
C5H6N2O2,thymine,
LiI,lithium iodide,
NaCN,sodium cyanide,
Rb2HPO4,dirubidium phosphate,
YbI2,ytterbium(II) iodide,
PH3,phosphine,
AuBr3,gold tribromide,
H4BrN,Ammonium Bromide,cr
DF,Hydrofluoric Acid-D,g
C13H14N2O,harmaline,
KCN,potassium cyanide,
SrTeO4,strontium tellurate,
ClCCCl,"1,2-Dichloroacetylene",g
P4S3,Phosphorus Sulfide,g
Cl2Hg2,Mercury Chloride,cr
C7H11NO5,N-Acetylglutamic acid,
EuS2,europium disulfide,
In2Te3,indium(III) telluride,
CrF5,chromium(V) fluoride,
Br2,bromine,g
HNO2,nitrous acid,g
Cu2,Copper,g
C131H200N30O43S2,amidorphin,
FHo,holmium monofluoride,
SeCl,selenium(I) chloride,
C6H6O,phenol,
[CH3CH]+,1-Ethylium-1-yl,g
CNN,Diazomethylene,g
C20H42,eicosane,
RuCl3,ruthenium(III) chloride,
CHBr2CH3,"1,1-Dibromoethane",g
P4,Phosphorus,g
F2Zr,zirconium fluoride,g
ErF,erbium monofluoride,
CsSeO4,caesium selenate,
CHClBr2,Chlorodibromomethane,g
HOCl,hypochlorous acid,g
F3PS,thiophosphoryl fluoride,g
Nb+,"Niobium, Ion",g
KHS,potassium hydrosulfide,
NaBrO,sodium hypobromite,
C12H4N4,tetracyanoquinodimethane,
VCl2,vanadium(II) chloride,
CF4,tetrafluoromethane,g
OH,Hydroxyl,g
Ar+,"Argon, Ion",g
MgO5Ti2,Magnesium Titanium Oxide,"cr,l"
I3Zr,Zirconium Iodide,g
F2Mg+,"Magnesium Fluoride, Ion",g
ThO2,thorium(IV) oxide,
Ni3Sb2,nickel(II) antimonide,
OCCCO,Tricarbon dioxide,g
KOF,potassium hypofluorite,
Mg2P2O7,magnesium pyrophosphate,
AlPO4,aluminium phosphate,
C12H13NO2,indole-3-butyric acid,
C2O2,Ethylene dione,
F3MoO,molybdenum trifluoride oxide,
AlCl2-,"Aluminum Chloride, Ion",g
H2P,Phosphino,g
CClF3,Chlorotrifluoromethane,g
F3S+,"Sulfur Fluoride, Ion",g
C8H7NO,indol-4-ol,
Zn3P2,zinc phosphide,
NaOF,sodium hypofluorite,
Al,Aluminum,g
F4Xe,xenon tetrafluoride,
As4O3,tetraarsenic trioxide,
Br3Ti,Titanium Bromide,g
BClO,Boron Chloride Oxide,g
Ga+,"Gallium, Ion",g
C55H74IN3O21S4,calicheamicin,
HI,hydroiodic acid,g
[C6H4]+,o-Benzyne cation,g
Cl2Zr,Zirconium Chloride,g
C9H6O3,umbelliferone,
As4S3,tetraarsenic trisulfide,
C-,"Carbon, Ion",g
INO,Nitrosyl Iodide,g
O5Ta2,Tantalum Oxide,"cr,l"
[HBrH]+,Bromonium,g
Hg2I2,mercury(I) iodide,"cr,l"
D2+,"Deuterium, Ion",g
MnOOH,manganite,
N4H4,trans-tetrazene,
H2S2O7,disulfuric acid,
C158H251N39O46S,beta-Endorphin,
NaClO4,sodium perchlorate,
Al2I6,aluminium iodide,g
C5H5BrN2,2-amino-5-bromopyridine,
Hg2Br2,mercury(I) bromide,
Na2C6H6O7,disodium citrate,
ClNaO4,Sodium Perchlorate,cr
CH2Cl2,dichloromethane,g
NH3,Ammonia,g
[ClO]+,Chlorosyl ion,g
AlO2,aluminium(IV) oxide,g
CsF,caesium fluoride,g
S8,Sulfur,g
H2SO4,Sulfuric Acid,
CH4,Methane,g
CBr3Cl,Chlorotribromomethane,g
[HO2]+,Hydroperoxo cation,g
[CH3CO]-,Acetyl anion,g
FPS,phosphenothious fluoride,g
BrSi,Bromosilylidyne,g
H2BaO2,Barium Hydroxide,g
AuCl,gold chloride,
CH2CCH2,Allene,g
[H3CN]-,Methylimidogen anion,g
Ni,Nickel,g
H2F2,Hydrogen Fluoride,g
AgIO2,silver iodite,
F4Ge,germanium tetrafluoride,
NiSO4,nickel sulfate,
Cl2,chlorine,ref
Cr-,"Chromium, Ion",g
Ta+,"Tantalum, Ion",g
F3S-,"Sulfur Fluoride, Ion",g
W-,"Tungsten, Ion",g
RbClO2,rubidium chlorite,
C14H18N4O3,trimethoprim,
BaN6,barium azide,
O,oxygen,g
WCl4,tungsten(IV) chloride,
C5H3ClN2O2,2-chloro-5-nitropyridine,
SnS2,tin(IV) sulfide,
[CH]+,Methyliumylidene,g
[CCC]+,"1,2-Propadien-1-ylium-1-yl-3-ylidene",g
C15H12N2O,carbamazepine,
FOOOF,Trioxygen difluoride,g
BeF,Beryllium Fluoride,g
CLi2O3,Lithium Carbonate,"cr,l"
SiBr4,silicon(IV) bromide,
C5H4NCOOH,niacin,
NH2Cl,monochloramine,
EuCl2,europium(II) chloride,
PbCl4,lead(IV) chloride,
[F2]-,Difluoride,g
FO2,dioxygen monofluoride,g
F6S-,"Sulfur Fluoride, Ion",g
SnBr3Cl,tin(IV) tribromochloride,
H2SiO3,silicic acid,
Cl3Zr,Zirconium Chloride,g
HD+,"Hydrogen-D , Ion",g
F6Re,rhenium hexafluoride,
Bi2S3,"  bismuthinite",
F2Kr,krypton difluoride,
[CH2CO]+,Ketene cation,g
[CH2CO]-,Ketene anion,g
Br4Zr,Zirconium Bromide,g
InBr3,indium(III) bromide,
AgSNC,silver thiocyanate,
EuO3V,europium metavanadate,
D+,"Deuterium, Ion",g
FeI2,iron diiodide,g
ClLiO,Lithium Hypochlorite,g
HFO3S,Fluorosulfuric Acid,g
CrBr3,chromium(III) bromide,
[FOO]-,Dioxygenyl fluoride anion,g
MoS2,molybdenum sulfide,cr
BF2O,Boron Fluoride Oxide,g
H3PO4,phosphoric acid,
[C6H5]-,Phenide,g
ClDO,Hypochlorous Acid-D,g
DS,Mercapto-D,g
C6H14O2,"1,6-hexanediol",
C20H27NO11,amygdalin,
FPS2,phosphenodithioic fluoride,
MgTiO3,magnesium metatitanate,
[FCCF]+,"1,2-Difluoroacetylene cation",g
FSr+,"Strontium Fluoride, Ion",g
Cr2O3,chromium(III) oxide,"cr,l"
HBO2,Boric Acid,g
F4W,tungsten tetrafluoride,
LiNO2,lithium nitrite,
[CH2NH2]+,Aminomethylium,g
MnTe,manganese(II) telluride,
C6H14O,Hexanol,
AsBrO,arsenic oxybromide,
FeC10H10,ferrocene,
BCl2-,"Dichloroborane, Ion",g
[He]+2,Helium dication,g
Cs2,Cesium,g
C3H6,cyclopropane,
CrSe,chromium(II) selenide,
NOI,nitrosyl iodide,
CaH2,calcium hydride,
OO(H)O,Hydrogen trioxide,g
CsH,caesium hydride,
C5H4O2,furfural,
S6,Sulfur,g
ISr,Strontium Iodide,g
C18H27NO3,capsaicin,
Cs2MoO4,caesium molybdate,
UF4,uranium(IV) fluoride,
C62H89CoN13O15P,hydroxocobalamin,
FeO4S,ferrous sulfate,cr
KO-,"Potassium Oxide, Ion",g
B8Li2O13,Lithium Borate,cr
BF2-,"Difluoroborane, Ion",g
C5,Carbon,g
CH3CH2,Ethyl,g
SeCl4,selenium(IV) chloride,
ArClF,argon chloride fluoride,
B2Zr,Zirconium Boride,"cr,l"
[CH3O]+,Methyloxoniumylidene,g
C9H7NO2,indole-2-carboxylic acid,
TeI2,tellurium(II) iodide,
C4H11NO2,diethanolamine,
GaI2,gallium(II) iodide,
Xe+,"Xenon, Ion",g
BrBrO,Dibromine monoxide,g
I4Zr,Zirconium Iodide,g
Li,Lithium,g
B2S3,boron sulfide,
Na3AsO4,sodium arsenate,
CCO,Dicarbon monoxide,g
(CHO)2,Glyoxal,g
[NNO]+,Nirous oxide cation,g
F2K-,"Potassium Fluoride, Ion",g
HB,Borane,g
YCl3,yttrium chloride,
F2MoO2,molybdenum difluoride dioxide,
LiBr,lithium bromide,
CCl4,"   carbon tetrachloride",g
F3Pu,plutonium trifluoride,
MgCO3,magnesium carbonate,
TaBr5,tantalum(V) bromide,
CrI2,chromium(II) iodide,
AsF3,arsenic trifluoride,
C9H11NO2,phenylanine,
BaSi2O5,barium disilicate,
C6H8N2,2-amino-3-methylpyridine,
LiHCO3,lithium bicarbonate,
CH3CCH,propyne,g
[HC(O)O]+,Formyloxoniumylidene,g
[COF2]+,Difluorophosgene cation,g
FeMoO4,iron(II) orthomolybdate,
LiBH4,lithium borohydride,
C13H12O2,monobenzone,
C6H6,Benzene,g
HBO,Boron Hydride Oxide,g
CH3COOCHCH2,vinyl acetate,
Cr3C2,chromium(II) carbide,
F3OV,vanadium trifluoride oxide,
C8H6N2O2,indazolium-3-carboxylate,
SrS,strontium sulfide,
Cs3PO4,caesium orthophosphate,
F4S+,"Sulfur Fluoride, Ion",g
F4Pu,plutonium tetrafluoride,
ZnMoO4,zinc orthomolybdate,
C4H6N2S,methimazole,
Y2O3,yttrium oxide,
Rb-,"Rubidium, Ion",g
S4,Sulfur,g
BiOI,bismuth(III) oxyiodide,
Na2TeO3,sodium tellurite,
Ag2SeO4,silver selenate,
NCN,Methanetetraylbisamidogen,g
BF2+,"Difluoroborane, Ion",g
NiSb,nickel antimonide,
H2SeO4,selenic acid,
F2Na-,"Sodium Fluoride, Ion",g
C13H28,tridecane,
BaO2,barium peroxide,
UBr2,uranium dibromide,
DI,deuterium iodide,
B2O4Pb,Lead Borate,cr
InCl3,indium(III) chloride,
C8H5NO2,isatin,
BeF4Li2,Lithium Tetrafluoroberyllate,"cr,l"
CF3I,Trifluoriodomethane,g
Rb2O,rubidium oxide,
C7H7NO3,mesalazine,
RbHS,rubidium hydrosulfide,
BAs,boron arsenide,
CsBr,caesium bromide,
[NCN]-,Cyanoamidogen anion,g
F7I,iodine fluoride,g
CBe2,Beryllium Carbide,"cr,l"
H6B2,Diborane,g
C2H4O2,acetic acid,
C8H16O2,cyclohexanedimethanol,
[CN]-,Cyanide,g
H-,"Hydrogen, Ion",g
AlN,aluminium nitride,g
AlClO,aluminium chloride oxide,g
AlF4-,"Tetrafluoroaluminate, Ion",g
I4Si,Tetraiodosilane,g
F5S,disulfur decafluoride,g
C6H9N3O2,histidine,
HF,hydrofluoric acid,g
UC2,uranium carbide,
C4H6N2,4-methylimidazole,
KIO2,potassium iodite,
NiCl2,nickel(II) chloride,
[HFCO]+,Formyl fluoride cation,g
[(H2O)O]+,Dihydrooxooxygen cation,g
Mg2,Magnesium,g
Nb-,"Niobium, Ion",g
HSi,Silylidyne,g
RbH,rubidium hydride,
AsCl4F,arsenic tetrachloride fluoride,
HOCN,Cyanic acid,g
PoCl4,polonium tetrachloride,
SO2F2,sulfuryl difluoride,
Mg3P2,magnesium phosphide,
C5H6N2,"1,2-diazepine",
Be6O6,Beryllium Oxide,g
F3Y,yttrium trifluoride,
Li2MoO4,lithium orthomolybdate,
NO2Cl,nitryl chloride,
Li2ZrO3,lithium metazirconate,
CuI,copper(I) iodide,
MgO3Ti,Magnesium Titanium Oxide,"cr,l"
F4N2,tetrafluorohydrazine,g
Ti,Titanium,g
AlF2,aluminium difluoride,g
BF2,Difluoroborane,g
YbCl3,ytterbium(III) chloride,
Cu3Sb,copper(III) antimonide,
In2Se3,indium(III) selenide,
C4H6,Cyclobutene,g
Eu2O,dieuropium monoxide,
FeO,iron monoxide,g
MgO4S,Magnesium Sulfate,"cr,l"
C2Cl2,Dichloroethyne,g
C4,Carbon,g
[CH3OO]-,Methylperoxy anion,g
AlCl4Na,sodium tetrachloroaluminate,cr
AlF6Na3,cryolite,"cr,l"
I2Mg,Magnesium Iodide,g
F6W,tungsten hexafluoride,g
Na2S2O8,sodium persulfate,
F2Sc,scandium difluoride,
He+,"Helium, Ion",g
C15H32,pentadecane,
FeC5O5,iron pentacarbonyl,
Li2TeO3,lithium tellurite,
HgTeO3,mercury(II) tellurite,
MgHPO4,dimagnesium phosphate,
F4Na2Sn,disodium tetrafluorostannate,
AgI,silver iodide,
C2N2,Ethanedinitrile,g
[HF]+,Fluoroniumyl ion,g
Fe2O12S3,ferric sulfate,cr
AlF2O-,"Aluminum Fluoride Oxide, Ion",g
CeBr3,cerium(III) bromide,
CH2CHBr,Vinyl bromide,g
H2CuO2,Copper Hydroxide,cr
CCl2F2,dichlorodifluoromethane,g
H4B2O4,Dihydroxyborane,g
CH3COOH,acetic acid,
CH3COOCH3,methyl acetate,
CH3CHO,acetaldehyde,g
H,Hydrogen,g
HAlO+,"Aluminum Hydroxide, Ion",g
Eu2O3,europium(III) oxide,
Ag2Se,silver selenide,
Cs2C2O4,caesium oxalate,
N2H4,hydrazine,
CCC,"1,2-Propadiene-1,3-diylidene",g
[HCNH2]-,Aminomethylene anion,g
Br4Ti,Titanium Bromide,g
H2CaO2,Calcium Hydroxide,g
C3H6O2,ethyl formate,
WI4,tungsten(IV) iodide,
FSc,scandium monofluoride,
AuBO,gold monoboride monoxide,
CH3O,Methoxy radical,g
As2Se3,arsenic triselenide,
AsClO,arsenic monoxide monochloride,
LiTaO3,lithium tantalate,
CH3CdCH3,dimethylcadmium,
Ag2C2O4,silver oxalate,
GaSb,gallium(III) antimonide,
BiPO4,bismuth(III) orthophosphate,
[CCC]-,"1,2-Propadien-1-yl-3-ylidene anion",g
C4H7KO3,potassium oxybate,
HgSe,mercury(II) selenide,
[BrCN]+,Cyanogen bromide cation,g
NiWO4,nickel(II) orthotungstate,
Be3O3,Beryllium Oxide,g
FNa,sodium fluoride,g
CH3F3Si,Trifluoromethylsilane,g
HBO+,"Boron Hydride Oxide, Ion",g
O3S,Sulfur Trioxide,g
C6H5OH,phenol,
F3Tm,thulium trifluoride,
AuI,gold iodide,
[OH]-,Hydroxyde ion,g
(H2O)2,Water dimer,g
FeS,iron sulfide,g
Li2O3Ti,Lithium Titanium Oxide,"cr,l"
Br2Hg2,Mercury Bromide,cr
F2Li-,"Lithium Fluoride, Ion",g
HPb,Lead Hydride,g
TiI4,titanium(IV) iodide,
FOOF,Dioxygen difluoride,g
CaSe,calcium selenide,
C21H20O6,curcumin,
Na2MoS4,sodium thiomolybdate,
InPO4,indium(III) orthophosphate,
CeN,cerium nitride,
C6H7N3O,isoniazid,
Na-,"Sodium, Ion",g
HD,Hydrogen-D,g
NOH,Hydroxyimidogen,g
[ONNO2]-,Trioxodinitrate anion,g
Li3N,Lithium Nitride,cr
CF4O,Trifluoromethyl Hypofluorite,g
MgCl2,magnesium chloride,
Fe3P,iron(tri) phosphide,
H2O2,Hydrogen Peroxide,g
HOH,Hydrogen Hydroxide,
NaOH,sodium hydroxide,
YSb,yttrium antimonide,
KO,Potassium Oxide,g
C2H2,Acetylene,g
As2S4,arsenic tetrasulfide,
Mn2O3,manganese(III) oxide,
C6H6BFO2,4-fluorophenylboronic acid,
FeO4Se,iron(II) selenate,
C9H9NO,4-methoxyindole,
[Cl2]-,Dichloride,g
MoO,Molybdenum Oxide,g
F6S,sulfur hexafluoride,g
CoAl2O4,cobalt(II) aluminate,
[HOCO]+,Hydroxyoxomethylium,g
KClO2,potassium chlorite,
C3H4O4,malonic acid,
CdSb,cadmium antimonide,
CH5N3,Guanidine,
SO4,Sulfur Dioxide,
Ag2F,silver subfluoride,
C6H7NaO6,sodium ascorbate,
C7H6O,tropone,
MnF2,manganese(II) fluoride,
YBr3,yttrium bromide,
FeCr2O4,chromite (ore),
CHClF2,chlorodifluoromethane,g
C10H7N3S,tiabendazole,
C20H32O5,prostaglandin E2,
La2O3,lanthanum(III) oxide,
C5H5N,pyridine,
CeO2,cerium(IV) oxide,
RbBrO3,rubidium bromate,
NH4OCONH2,ammonium carbamate,
HO,Hydrogen Monoxide,g
WCl6,tungsten(VI) chloride,
MoCl3,molybdenum(III) chloride,
LiF,lithium fluoride,
CH2FCl,Fluorochloromethane,g
C4HCl2FN2,"2,6-dichloro-5-fluoroacil",
C2N,CNC Radical,g
O+,"Oxygen, Ion",g
Pb+,"Lead, Ion",g
C22H23ClN2O2,loratadine,
CH3COOCH2C6H5,benzyl acetate,
K2S2O5,potassium metabisulfite,
C2H,Ethynyl,g
C4NiO4,Nickel Carbonyl,g
Cl2O2W,Tungsten Chloride Oxide,g
YbF2,ytterbium(II) fluoride,
C23H19ClF3NO3,cyhalothrin,
B6Na2O10,Sodium Borate,cr
F2Sr,strontium fluoride,g
O4V2,Vanadium Oxide,"cr,l"
PoH2,polonium hydride,
C6H7CsO6,caesium ascorbate,
TeCl4,tellurium(IV) chloride,
CH2OH2,Methyleneoxonium,g
ClCu,Copper Chloride,g
F3Pr,praseodymium trifluoride,
CH3COONa,sodium acetate,
Sb2Se5,antimony(V) selenide,
[CH3]-,Methyl carbanion,g
I2Sr,Strontium Iodide,g
Dy2S3,dysprosium(III) sulfide,
BrCCBr,"1,2-Dibromoacetylene",g
NiMoO4,nickel(II) orthomolybdate,
(CH3CO)2,"2,3-Butanedione",g
ISi,Iodosilylidyne,g
Cl5P,Phosphorus Chloride,g
B3Cl3O3,Trichloroboroxin,g
RbCNO,rubidium fulminate,
C4H8O2,ethyl acetate,
PCl3,phosphorus trichloride,
C8H5F3N2OS,riluzole,
N5P3,Phosphorus Nitride,cr
SrCl2,strontium chloride,
Cl2O,Chlorine Oxide,g
TeO2,tellurium(IV) oxide,
PoBr2,polonium dibromide,
C7H7BO4,4-carboxyphenylboronic acid,
C2Si,Silicon Carbide,g
[CH5]+,Methonium,g
F4Pt,platinum tetrafluoride,
UBr5,uranium pentabromide,
F2N2O,nitrosodifluoroamine,
C18H32O2,linoleic acid,
[OH]+,Oxoniumylidene ion,g
Co,Cobalt,g
HgTe,mercury(II) telluride,
FIn,indium monofluoride,
NTi,Titanium Nitride,"cr,l"
SSr,Strontium Sulfide,g
BeCl2,beryllium chloride,g
HS,Mercapto,g
PbCrO4,lead chromate,
WTe2,tungsten(IV) telluride,
U3O8,triuranium octoxide,
CdSiO3,cadmium metasilicate,
(NNC)ClCH3,3-Chloro-3-methyl-3H-diazirine,g
TlIO3,thallium(I) iodate,
BiC6H5O7,bismuth(III) citrate,
KF,potassium fluoride,
CdCO3,cadmium carbonate,
Rb2HPO3,dirubidium phosphite,
Fe2P,diiron phosphide,
BaB6,barium hexaboride,
ZnI2,zinc iodide,
C5H4O,cyclopentadienone,
F2Pt,platinum difluoride,
BaCl2,Barium Chloride,g
[NH3]-,Ammonia anion,g
H2MoO4,Molybdic Acid,g
F2O,oxygen difluoride,g
RbNO2,rubidium nitrite,
C4H10O2,1-Methoxy-2-propanol,
RbHCO3,rubidium bicarbonate,
InBrI2,indium(III) bromodiiodide,
CH2OH,Hydroxymethyl,g
K3PO4,tripotassium phosphate,
CClN,Cyanogen Chloride,g
H3O4P,Phosphoric Acid,"cr,l"
F4Mo,molybdenum tetrafluoride,g
CaSO4,calcium sulfate,
WO2I2,tungsten(VI) dioxydiiodide,
[NCO]-,Isocyanate,g
C2Li2,Lithium Carbide,cr
FLi,lithium fluoride,g
C7H5F3O,"2,4,6-trifluoroanisole",
AgBrO,silver hypobromite,
C2H3Cl,vinyl chloride,
CsHSO3,caesium bisulfite,
Na2O,sodium oxide,"cr,l"
[CH3NH2]+,Methylammoniumyl,g
ClSi,Clorosilylidyne,g
AgIO4,silver periodate,
Ag2O,silver(I) oxide,
EuSO4,europium(II) sulfate,
C9H8O4,acetylsalicylic acid,
(CH3)2CHCH2C(CH3)3,"2,2,4-Trimethylpentane",g
[CNCN]+,Isocyanogen cation,g
[BrO]+,Bromosyl ion,g
B2F4,Diboron tetrafluoride,g
H3B3O6,Boric Acid,g
DySi2,dysprosium(II) silicide,
CF3Cl,chlorotrifluoromethane,g
CSi2,Silicon Carbide,g
ClO2,chlorine dioxide,g
C12H14O4,dillapiole,
C9H17NO2,gabapentin,
[CH2OH]-,Hydroxymethylide,g
F2O2,perfluoroperoxide,
Sb2S3,antimony(III) sulfide,
C5H6O,cyclopentenone,
NaI,sodium iodide,
P2S3,diphosphorus trisulfide,
(CH3)2NH,Dimethylamine,g
C19H26O2,androstenedione,
C11H19NO4,boc-isonipecotic acid,
NI3,nitrogen triiodide,
YVO4,yttrium vanadate,
O7Ti4,Titanium Oxide,"cr,l"
[NH2OH]+,Hydroxylamine cation,g
Br2Na2,Sodium Bromide,g
BCl2+,"Dichloroborane, Ion",g
ClFO2S,Sulfuryl Chloride Fluoride,g
C11H24,undecane,
C13H16N2O2,melatonin,
C7H7NO2,4-aminobenzoic acid,
CH2CCH,2-Propynyl,g
BBr2Cl,Dibromochloroborane,g
HSi+,"Silylidyne, Ion",g
O4Pb2Si,Lead Silicate,cr
FGa,gallium monofluoride,
Ag2CO3,silver(I) carbonate,
In2O3,indium(III) oxide,
C9H20,nonane,
CKN,Potassium Cyanide,g
As3O4,arsenic tetraoxide,
HNOH,Hydroxyamidogen,g
I+,"Iodine, Ion",g
HBeO+,"Beryllium Hydroxide, Ion",g
FePO4,iron(III) phosphate,
C11H14O2,methyl isoeugenol,
UF6,uranium(VI) fluoride,
C12H18O,propofol,
H2NO,Nitroxyl,g
CsO,Cesium Oxide,g
C2HCl,Chloroethyne,g
C6H8O7,citric acid,
GeI4,germanium(IV) iodide,
WBr4,tungsten(IV) bromide,
SeOF2,selenyl difluoride,
[OCCCO]-,Tricarbon dioxide anion,g
Cs2O,caesium oxide,g
Rb2SO4,rubidium sulfate,
C5H7N3,"3,4-diaminopyridine",
C2H3NO,glycolonitrile,
C7H5N3O6,Trinitrotoluene,
HgI,Mercury Iodide,g
[CH2]-,Methylene anion,g
[H2COO]-,Dioxymethyl anion,g
O6P4,Phosphorus Oxide,g
CHCl,Chloromethylene,g
IBr3,iodine tribromide,
Yb2S3,ytterbium(III) sulfide,
H2C8H4O4,phthalic acid,
NCCN,Cyanogen,g
H2N2,"Diazene, Cis",g
BrP,Phosphorus Bromide,g
ZrSiO4,zirconium(IV) silicate,
KHSO4,potassium bisulfate,
CNNC,Diisocyanogen,g
BI3,boron iodide,g
H2TeO3,tellurous acid,
C2H5OH,Ethanol,
CsBO2,caesium borate,
C4H5N3O,cytosine,
GaAsO4,gallium(III) orthoarsenate,
F5Ta,tantalum pentafluoride,
D2N2,"Diazene-D , Cis",g
ZnSO4,zinc sulfate,
F3Tb,terbium trifluoride,
ClOTi,Titanium Chloride Oxide,g
HBS,Boron Hydride Sulfide,g
NiOOH,nickel oxo-hydroxide,
BeSO3,beryllium sulfite,
C6H5COOH,benzoic acid,
TlSCN,thallium thiocyanate,
UO3,uranium trioxide,
FTi,titanium fluoride,g
CHF,Fluoromethylene,g
[CH3OO]+,Methoxyoxoniumylidene,g
AlF2O,aluminium difluoride oxide,g
I4Pb,Lead Iodide,g
CH2ClF,chlorofluoromethane,g
Au2O3,gold trioxide,
K2HPO3,dipotassium phosphite,
[FO]-,Hypofluorite,g
C5H3BrN2O2,2-bromo-5-nitropyridine,
SeO2,selenium(IV) oxide,
BrO,Bromoxyl radical,g
Ni+,"Nickel, Ion",g
CsHS,caesium hydrosulfide,
LiClO3,lithium chlorate,
Bi2O3,bismuth(III) oxide,
CeC,cerium carbide,
Na2SO4,sodium sulfate,
[NH2]+,Aminylium,g
ZrO2,zirconium dioxide,
FMg+,"Magnesium Fluoride, Ion",g
Ag2SeO3,silver selenite,
InBr,indium(I) bromide,
NaNH2C6H4SO3,sodium sulfanilate,
FeO8H4P2,iron(II) dihydrogen phosphate,
BaI,Barium Iodide,g
ClMg+,"Magnesium Chloride, Ion",g
CBrF3,Bromotrifluoromethane,g
Li2TiO3,lithium metatitanate,
C18H24O3,estriol,
CaMoO4,calcium molybdate,
MgBr2,magnesium bromide,
HCCOH,Ethynol,g
C5H12O5,xylitol,
InI3,indium(III) iodide,
C5H5NO,2-pyridone,
H2O4W,Tungstic Acid,g
Na4V2O7,sodium pyrovanadate,
CoWO4,cobalt(II) tungstate,
H2TiO3,titanic acid,
[C2H]+,Ethynylium,g
Al+,"Aluminum, Ion",g
BaHgI4,barium tetraiodomercurate(II),
H2C4H4O6,tartaric acid,
Na2HAsO4,disodium hydrogen arsenate,
C19H40,nonadecane,
AlCl4Rb,aluminium rubidium tetrachloride,
BeB2,beryllium boride,
CH2CHI,Vinyl iodide,g
B2Se3,boron selenide,
MgO,magnesium oxide,g
Mg2O4Si,Magnesium Silicate,"cr,l"
H3F3,Hydrogen Fluoride,g
CH3OK,potassium methoxide,
ZnWO4,zinc orthotungstate,
C5H9NO2,proline,
C14H12O3,resveratrol,
[H2O]+,Oxoniumyl ion,g
ClO,Chlorine Oxide,g
Cs2O4S,Cesium Sulfate,g
ClF3Si,Chlorotrifluorosilane,g
C3O2,Carbon Suboxide,g
F2IP,difluoroiodophosphine,
HCO,Formyl,g
CaS,calcium sulfide,g
Cl5W,Tungsten Chloride,g
HCOOH,formic acid,
[N2H3]+,Hydrazinylium,g
ClP,Phosphorus Chloride,g
C9H11NO4,L-DOPA,
CaSO3,calcium sulfite,
Na2N2O2,sodium hyponitrite,
LiH2PO3,monolithium phosphite,
Ba2P2O7,barium pyrophosphate,
C8H8O4,vanillic acid,
BI,Iodoborane,g
FGd,gadolinium monofluoride,
C6H13NO2,aminocaproic acid,
HBrO4,perbromic acid,
C6H5COCl,benzoyl chloride,
KH2PO4,monopotassium phosphate,
F3,Trifluorine,g
O4Pb3,Lead Oxide,cr
CHF3,Trifluoromethane,g
InI2,indium(II) iodide,
CH2CHF,Vinyl fluoride,g
PS,Phosphorus Sulfide,g
Na2O2,sodium peroxide,cr
Cl2Pb,Lead Chloride,g
As2O3,arsenic trioxide,
SnTe4,tin(IV) telluride,
CsClO,caesium hypochlorite,
K2S,potassium sulfide,"cr,l"
C3H7NO2,Î±-alanine,
PbO2,lead dioxide,
FNd,neodymium monofluoride,
BaSe,barium selenide,
H4BNa,Sodium Tetrahydroborate,cr
C3Mg2,Magnesium Carbide,cr
BaCl,Barium Chloride,g
NaIO,sodium hypoiodite,
Ag3I3,silver(III) triiodide,
C4H4O,furan,
N2-,"Nitrogen, Ion",g
CNH2,Aminomethylidyne,g
AlF4Na,Sodium Tetrafluoroaluminate,g
Be2F2O,Beryllium Fluoride Oxide,g
Ba+,"Barium, Ion",g
HBaO,Barium Hydroxide,g
B6Li2O10,Lithium Borate,cr
C6H6O2,catechol,
D,Deuterium,g
C7H8ClN3O4S2,hydrochlorothiazide,
F6Si2,hexafluorodisilane,
MgSeO4,magnesium selenate,
Br3OP,Phosphoryl Bromide,g
BBr3,boron tribromide,g
Co2S3,cobalt(III) sulfide,
CH3OCs,caesium methoxide,
Tl2WO4,thallium(I) orthotungstate,
O2Ti,Titanium Oxide,g
[I2]-,Diiodide,g
[N2H3]-,Hydrazide,g
P2,Phosphorus,g
O3PbSi,Lead Silicate,cr
CoC2O4,cobalt(II) oxalate,
KIO4,potassium periodate,
ONNO2,Nitrogen sesquioxide,g
[HCCCCH]+,"1,3-Butadiyne cation",g
O3,ozone,g
CaTeO4,calcium tellurate,
Cs2HPO3,dicaesium phosphite,
C18H22O2,estrone,
K3PO3,tripotassium phosphite,
Li2S,lithium sulfide,
F,Fluorine,g
Ce2O3,cerium(III) oxide,
F5W,tungsten pentafluoride,
C5H3Br2N,"3,5-dibromopyridine",
ZrP2,zirconium phosphide,
[N(OO)]-,Dioxaziridinyl anion,g
[H2COO]+,Dioxymethyl cation,g
Mg+,"Magnesium, Ion",g
Br3P,Phosphorus Bromide,g
Li2O5Si2,Lithium Silicate,"cr,l"
Cu+,"Copper, Ion",g
C2H5OK,potassium ethoxide,
F6Os,osmium hexafluoride,
[HCO]-,Formyl anion,g
C10H19NO3,1-boc-4-piperidinol,
C3H5N3,3-amino-1H-pyrazole,
Cr3Sb2,chromium(II) antimonide,
LiClO4,lithium perchlorate,
Ag3Br2,silver dibromide,
C6H7KO6,potassium ascorbate,
F4OW,tungsten tetrafluoride oxide,g
FO3S,fluorosulfate radical,
Dy2O3,dysprosium(III) oxide,
NaAlSi3O3,albite,
ClNC,Isocyanogen chloride,g
O2W,Tungsten Oxide,g
BS,Boron Sulfide,g
LaCl3,lanthanum(III) chloride,
AgClO4,silver perchlorate,
Li3PO4,trilithium phosphate,
C34H46O18,Eleutheroside D,
UI3,uranium(III) iodide,
D2,Deuterium,ref
DO,Hydroxyl-D,g
CsCN,caesium cyanide,
K2HPO4,dipotassium phosphate,
F6U,uranium hexafluoride,
C4I2,diiodobutadiyne,
VN,vanadium nitride,
ClFe,Iron Chloride,g
[HOOO]+,Hydrogen trioxide cation,g
HCaO,Calcium Hydroxide,g
CaB6,calcium boride,
GaI3,gallium(III) iodide,
NaC6F5COO,pentafluorobenzoate,
CeSi2,cerium silicide,
C7H5N3O2,7-nitroindazole,
[CH3]+,Methylcarbonium,g
[C2H6]-,Ethane anion,g
FS+,"Sulfur Fluoride, Ion",g
RbIO3,rubidium iodate,
Ag2C2,silver acetylide,
C10H8O3,hymecromone,
CH3Cl,chloromethane,g
Br2Hg,Mercury Bromide,g
Mg3Bi2,magnesium bismuthide,
CH3C(O)Cl,Acetyl chloride,g
[HNO]-,Hydrooxonitrate,g
Be2O4Si,Beryllium Silicate,cr
O2Si,Silicon Oxide,g
ClNi,Nickel Chloride,g
HNNN,Hydrazoic acid,g
O2Pb,Lead Oxide,cr
Cd3P2,cadmium phosphide,
TlCl,thallium(I) chloride,
HgSeO3,mercury(II) selenite,
BaSiO3,barium metasilicate,
InBr2I,indium(III) dibromoiodide,
B2BeO4,Beryllium Borate,g
[HNCO]+,Isocyanic acid cation,g
Cl3OP,Phosphoryl Chloride,g
F15Mo3,molybdenum fluoride,g
Pb-,"Lead, Ion",g
TlI3,thallium(III) iodide,
Rb2O2,rubidium peroxide,
HgS,mercury(II) sulfide,
[COH]-,Isoformyl anion,g
C7H5NO4,quinolinic acid,
IO,Iodoxyl radical,g
CdTe,cadmium telluride,
NH2CH2CN,aminoacetonitrile,
PbCO3,lead carbonate,
C13H10O,benzophenone,
KBrO2,potassium bromite,
[Cl2]+,Dichlorine cation,g
AlF2-,"Aluminum Fluoride, Ion",g
HLi,Lithium Hydride,g
CoB,cobalt(II) boride,
F4Sn2,ditin tetrafluoride,
C16H14O3,ketoprofen,
[H2C(OO)]+,Dioxirane cation,g
D2-,"Deuterium, Ion",g
H3BrSi,Bromosilane,g
Br2Mo,Molybdenum Bromide,g
CH3COOCs,caesium acetate,
As2Mg3,magnesium arsenide,
RbBrO,rubidium hypobromite,
COH,Isoformyl,g
NCO,Cyanato,g
B4K2O7,Potassium Borate,"cr,l"
BaS,barium sulfide,g
BClF2,Chlorodifluoroborane,g
Ga-,"Gallium, Ion",g
CuFeS2,copper iron sulfide,
ArClH,argon chloride hydride,
CH3F,Fluoromethane,g
C6H11NO2,cycloleucine,
Yb2O3,ytterbium(III) oxide,
F2Fe,ferrous fluoride,g
P,Phosphorus,g
[FO]+,Fluorosyl ion,g
F-,"Fluorine, Ion",g
TiO2,titanium dioxide,
Al2Se,dialuminium selenide,
AsO2,arsenic dioxide,
KCNO,potassium fulminate,
CH3NO,oxaziridine,
K2CO3,potassium carbonate,
HC(O)O,Formyloxy,g
CuFe2S3,copper iron sulfide,
H3AsO4,arsenic acid,
C10H10O4,ferulic acid,
PbF2,lead(II) fluoride,
InCl,indium(I) chloride,
FY,yttrium monofluoride,
IZr,Zirconium Iodide,g
NaBrO2,sodium bromite,
Ne+,"Neon, Ion",g
ClF2OP,Phosphoryl Chloride Fluoride,g
F2Zn,zinc difluoride,
C2H6OS,dimethyl sulfoxide,
[HCCOH]+,Ethynol cation,g
HOF,hypofluorous acid,g
BeI2,beryllium iodide,g
Cs2Cr2O7,caesium dichromate,
Nd2O3,dineodymium trioxide,
Co2SiO4,cobalt(II) orthosilicate,
C4H7NaO3,sodium oxybate,
PoO2,polonium dioxide,
BrCl,bromine chloride,g
NaHCOO,sodium formate,
Kr+,"Krypton, Ion",g
S5,Sulfur,g
DBr,deuterium bromide,
Zn2SiO4,zinc orthosilicate,
SbCl3,antimony(III) chloride,
[N3]-,Azide ion,g
FCN,Cyanogen fluoride,g
CrO3,chromium(VI) oxide,g
C10H10N2O,edaravone,
CCl3Br,Bromotrichloromethane,g
H3P,Phosphine,g
ICl3,iodine(III) chloride,
Ga2S3,gallium(III) sulfide,
C2H7NO,ethanolamine,
PbCl2,lead(II) chloride,
CoO4S,Cobalt Sulfate,cr
BaSnO3,barium stannate,
C6H15NO3,triethanolamine,
Ca3P2,calcium phosphide,
C7H8N4O2,theobromine,
[H2NNH2]-,Hydrazine anion,g
NO2,nitrogen dioxide,g
Na+,"Sodium, Ion",g
Li2Cr2O7,lithium dichromate,
SrTeO3,strontium tellurite,
H2SO3,sulfurous acid,
YP,yttrium phosphide,
RnF2,radon difluoride,
H2,Hydrogen,ref
F2Mn,manganese difluoride,
C83H131N19O27S,gamma-Endorphin,
C3H7NO2S,cysteine,
ErI4Na,erbium sodium tetraiodide,
CaF2,calcium fluoride,g
Cl2Ni,Nickel Chloride,g
F2Li2,lithium fluoride,g
O12W4,Tungsten Oxide,g
ZnS2O3,zinc thiosulfate,
C18H24O4,estetrol,
NaIO2,sodium iodite,
[NO]-,Oxonitrate anion,g
CdMoO4,cadmium molybdate,
Cs2SO4,caesium sulfate,
TiCl4,titanium tetrachloride,
AgONC,silver cyanate,
FMn,monomanganese monofluoride,
Co3O4,Cobalt Oxide,cr
Cu-,"Copper, Ion",g
BaU2O7,barium uranium oxide,
C4H9NO2,Î³-aminobutyric acid,
C15H10O4,daidzein,
C3H8NO5P,glyphosate,
EuO4W,europium tungsten tetraoxide,
[Br2]+,Diatomic bromine cation,g
SnCl4,tin(IV) chloride,
[CH3CC]-,1-Propynyl anion,g
Cl2FOP,Phosphoryl Chloride Fluoride,g
Y2S3,yttrium sulfide,
C19H30O2,dihydrotestosterone,
FeP,iron(III) phosphide,
CH3COOK,potassium acetate,
FHF,Hydrogen difluoride,g
Na2O3Si,Sodium Silicate,"cr,l"
FPb,lead monofluoride,g
AlCl2H,dichloroalumane,
AgBrO4,silver perbromate,
Ag3Br3,silver tribromide,
CsNO3,caesium nitrate,
CH3OOH,Methyl hydroperoxide,g
Xe,Xenon,ref
F3Ti,titanium trifluoride,g
MnBi,manganese(III) bismuthide,
RbI,rubidium iodide,
CH3(CH2)2CH3,n-Butane,g
BrF3,bromine trifluoride,g
C2H5NO2,glycine,
As2Se5,arsenic pentaselenide,
D2N,Amidogen-D,g
Cl2Co,Cobalt Chloride,g
Cl3Co,Cobalt Chloride,g
Br2Mg+,"Magnesium Bromide, Ion",g
CP,Carbon Phosphide,g
NaO,Sodium Oxide,g
CoS2,cobalt disulfide,
LiBrO3,lithium bromate,
CF2,Difluoromethylene,g
AsI3,arsenic triiodide,
CF3,Trifluoromethyl,g
NO2-,"Nitrogen Oxide, Ion",g
Cl2S,Sulfur Chloride,g
BiCl3,bismuth(III) chloride,
(CIH2)2,"1,2-Diiodoethane",g
Br3PS,Thiophosphoryl Bromide,g
Ca+,"Calcium, Ion",g
CF+,"Fluoromethylidyne, Ion",g
NaH2PO3,monosodium phosphite,
C4H9NO3,threonine,
C17H18N2O6,nifedipine,
N2H3,Hydrazyl,g
Cl4Ti,Titanium Chloride,g
Cl4Mo,Molybdenum Chloride,g
SeTe,selenium(IV) telluride,
LiH2PO4,monolithium phosphate,
CH3CH2Br,bromoethane,g
FS-,"Sulfur Fluoride, Ion",g
RbF,rubidium fluoride,
Al4C3,aluminium carbide,
H2I2Si,Diiodosilane,g
Ag3Cl3,silver(III) trichloride,
BaSi2,barium silicide,
C3H8O2,"1,3-propanediol",
[C6H5F]+,Fluorobenzene cation,g
[HOCl]+,Hypochlorous acid cation,g
H4BK,Potassium Tetrahydroborate,cr
F2OS,thionyl fluoride,g
Ba2XeO6,barium perxenate,
NaH,sodium hydride,
C5H10N2O3,glutamine,
FO,oxygen monofluoride,g
C6H14O3,trimethylolpropane,
Be3N2,beryllium nitride,"cr,l"
ClZr,Zirconium Chloride,g
DyBr3,dysprosium(III) bromide,
CsHSO4,caesium hydrogen sulfate,
BaZrO3,barium zirconate,
DyCl2,dysprosium(II) chloride,
CH2CHCl,Vinyl chloride,g
B2Cl4,boron chloride,g
NH4NO3,ammonium nitrate,
Na3PO3,trisodium phosphite,
NiAsS,nickel arsenic sulfide,
CBr4,Tetrabromomethane,g
[C2H]-,Ethynide,g
N(OO),Dioxaziridinyl,g
Al2O3,aluminium oxide,"cr,l"
WC,tungsten carbide,
CH2CHOH,ethenol,
KNO3,potassium nitrate,
HOONO,Peroxynitrous acid,g
H3CN,Methylimidogen,g
Si-,"Silicon, Ion",g
YbPO4,ytterbium(III) phosphate,
T2O,tritium oxide,
CH3OLi,lithium methoxide,
Cs3VO4,caesium orthovanadate,
RbH2PO4,monorubidium phosphate,
I2,iodine,g
F6Te,tellurium hexafluoride,
Cs2HPO4,dicaesium phosphate,
C14H10,phenanthrene,
F3MoS,molybdenum trifluoride sulfide,
BrOBr,Dibromine monoxide,g
[CNO]-,Fulminate,g
[FFO]+,Fluorosyl fluoride cation,g
[C(CC)]+,Propynylidyne cation,g
NO+,"Nitrogen Oxide, Ion",g
BCl+,"Chloroborane, Ion",g
K2MnO4,potassium manganate,
Kr,Krypton,ref
ZnO2,zinc peroxide,
C2N2Na2,Sodium Cyanide,g
FNO,nitrosyl fluoride,g
Si3,Silicon,g
CB4,Boron Carbide,"cr,l"
YAs,yttrium arsenide,
NaHSO4,sodium bisulfate,
C6H4ClN3,6-chloro-7-dezapurine,
HO2,hydrogen dioxide,g
F4MoO,molybdenum tetrafluoride oxide,g
F2Si,difluorosilylene,g
C7H6O3,salicylic acid,
UO2SO4,uranyl sulfate,
ZrBr4,zirconium bromide,
Ar,Argon,ref
Fe-,"Iron, Ion",g
FeTe,iron(II) telluride,
CeCl3,cerium(III) chloride,
OFO,Dioxofluorine,g
Sr,Strontium,g
BeF3Li,Lithium Trifluoroberyllate,g
Cu2O5S,Copper Oxide Sulfate,cr
KCNS,potassium thiocyanate,
C15H10O5,apigenin,
LiNaNO2,lithium sodium nitroxylate,
CHF2CH3,"1,1-Difluoroethane",g
Cl3Ti,Titanium Chloride,g
FSr,strontium monofluoride,g
LiNaO,Lithium Sodium Oxide,g
B3F3O3,Trifluoroboroxin,g
H4F4,Hydrogen Fluoride,g
H3O+,"Hydronium, Ion",g
CuTiO3,copper(II) metatitanate,
CBr3H,Bromoform,g
[C(NO)]-,Oxazirinyl anion,g
HCl3Si,Trichlorosilane,g
PbHAsO4,lead hydrogen arsenate,
CsIO,caesium hypoiodite,
C7H10N2,4-dimethylaminopyridine,
CHCl2CH3,"1,1-Dichloroethane",g
N2+,"Nitrogen, Ion",g
B4Mg,Magnesium Boride,cr
BrCa,Calcium Bromide,g
BBrCl,Bromochloroborane,g
CuO,copper(II) oxide,g
C15H10O7,quercetin,
K2O4S,Potassium Sulfate,g
[HCNH]-,Iminomethyl anion,g
BeN,Beryllium Nitride,g
H2Ti,Titanium Hydride,cr
Al2CoO4,cobalt blue,
MgSeO3,magnesium selenite,
CH3NH2,methylamine,g
AlBr3,aluminium tribromide,g
F2P,phosphorus difluoride,g
BClF,Chlorofluoroborane,g
C9H10O,chavicol,
CH3,Methyl,g
YB6,yttrium boride,
Br2O5,dibromine pentoxide,
ErI3,erbium triiodide,
C10H15ON,ephedrine,
CHP,Methinophosphide,g
H2O2Sr,Strontium Hydroxide,g
BI2,Diiodoborane,g
CuS,copper(II) sulfide,
HClO3,Chloric Acid,
SO3,sulfur trioxide,
UTe2,uranium ditelluride,
O3Ti2,Titanium Oxide,"cr,l"
C(NN),3H-Diazirin-3-ylidene,g
F3Si,trifluorosilyl radical,g
OZr,Zirconium Oxide,g
C2-,"Carbon, Ion",g
BaMoO4,barium molybdate,
NaTaO3,sodium metatantalate,
Na3VO4,sodium orthovanadate,
[CH3CHOH]-,1-Hydroxyethyl anion,g
Tl2SeO3,thallium(I) selenite,
F3N,nitrogen trifluoride,g
F2OTi,titanium fluoride oxide,g
H4O5S,"Sulfuric Acid, Monohydrate","cr,l"
Zr,Zirconium,g
C6F5COOH,pentafluorobenzoic acid,
Na2SeO3,sodium selenite,
C16H34,hexadecane,
[CO2]-,Carbon dioxide anion,g
HZr,Zirconium Hydride,g
Li2SeO4,lithium selenate,
RbIO4,rubidium periodate,
RbH2PO3,monorubidium phosphite,
Cs2CO3,caesium carbonate,
Al3F14Na5,chiolite,"cr,l"
D2S,Hydrogen Sulfide-D,g
CaSeO3,calcium selenite,
Cu2S,copper(I) sulfide,
CH3CH2Cl,Ethyl chloride,g
K,Potassium,g
F3Rh,rhodium fluoride,
HCCO,Oxoethenyl,g
[COF2]-,Difluorophosgene anion,g
HBF2,Difluoroborane,g
CH3ORb,rubidium methoxide,
SrSeO4,strontium selenate,
C7H5FO2,4-fluorobenzoic acid,
O2F2,dioxygen difluoride,
AsBr3,arsenic tribromide,
HNC,Hydrogen isocyanide,g
C4H4,vinylacetylene,
InCl2,indium(II) chloride,
MnO,manganese(II) oxide,
FeO2H,goethite,
P2O5,phosphorus pentoxide,
AlCl,aluminium monochloride,g
AlCl4K,potassium tetrachloroaluminate,cr
F5S+,"Sulfur Fluoride, Ion",g
C4H4FN3O,flucytosine,
Cs2NbO3,caesium metaniobate,
HgBr2,mercury(II) bromide,
SO2,sulfur dioxide,
[OCCCO]+,Tricarbon dioxide cation,g
HBeO,Beryllium Hydroxide,g
LiO,Lithium Oxide,g
C11H11NO2,3-indolepropionic acid,
CoAs2,cobalt(II) arsenide,
Rb+,"Rubidium, Ion",g
FCOF,Fluoro(fluorooxy)methylene,g
NiS2,nickel sulfide,"cr,l"
F2Pu,plutonium difluoride,
C4H6O2,vinyl acetate,
CrVO4,chromium(III) orthovanadate,
F4Se,selenium tetrafluoride,
HCCCl,Chloroacetylene,g
[CH3NH3]+,Methylammonium,g
HD-,"Hydrogen-D , Ion",g
ClHg,Mercury Chloride,g
Cr,Chromium,g
H2-,"Hydrogen, Ion",g
Cs2TiO3,caesium titanate,
F4U,uranium tetrafluoride,
[CH3CH2O]-,Ethoxide,g
C15H12N2O2,phenytoin,
C5H5N3O,pyrazinamide,
CHFCl2,Fluorodichloromethane,g
BaSO4,barium sulfate,
CsH2PO3,monocaesium phosphite,
Cl5Mo,Molybdenum Chloride,g
YbBr3,ytterbium(III) bromide,
HNaO+,"Sodium Hydroxide, Ion",g
AlNaO2,sodium aluminate,cr
H3ISi,Iodosilane,g
CH2ClCOOH,chloroacetic acid,
SbCl5,antimony(V) chloride,
C5H4N4O,allopurinol,
CsBrO,caesium hypobromite,
[CH3Br]+,Methyl bromide cation,g
CuMoO4,copper(II) orthomolybdate,
FeWO4,iron(II) orthotungstate,
ZnTeO3,zinc tellurite,
As2I4,arsenic diiodide,
CuC2O4,copper oxalate,
C3H4N2,imidazole,
AgO,silver monoxide,
CoF3,cobalt(III) fluoride,cr
[CNO]+,Nitrosomethyliumylidene,g
[COH]+,Hydroxymethyliumylidene,g
Cs2F2,Cesium Fluoride,g
BrMo,Molybdenum Bromide,g
NaO-,"Sodium Oxide, Ion",g
C10H12N2,tryptamine,
NbCl3,niobium(III) chloride,
[HCNO]+,Isofulminic acid cation,g
CH3CH2CONH2,propanamide,
C14H18N2O5,aspartame,
CF3+,"Trifluoromethyl, Ion",g
RbCl,rubidium chloride,
WS3,tungsten(VI) sulfide,
BAsO4,boron(III) arsenate,
C7H8,Toluene,
AlCl2F,aluminium chloride fluoride,g
CsCl,caesium chloride,
Rb2CO3,rubidium carbonate,
Li2SO3,lithium sulfite,
[H3O]+,Oxonium,g
Br2Ti,Titanium Bromide,g
BBrO,Boron Bromide Oxide,g
BCl,Chloroborane,g
NaCNO,sodium fulminate,
CaCO3,Calcium Carbonate,
EuNb2O6,europium diniobium hexaoxide,
WF4,tungsten(IV) fluoride,
CHNO,Hydrogen Isocyanate,g
F2Tl2,dithallium difluoride,
AgBr,silver bromide,
TmCl3,thulium(III) chloride,
CaSiO3,calcium metasilicate,
C5H10O4,deoxyribose,
C5H3ClN4,6-chloropurine,
C9H7NO,8-hydroxyquinoline,
CN,Cyanogen,g
[ClF]-,Fluorochlorate,g
Na2O4S,Sodium Sulfate,g
TeBr4,tellurium(IV) bromide,
NaHCO3,Sodium Bicarbonate,
FeSe,iron(II) selenide,
WBr5,tungsten(V) bromide,
BP,boron(III) phosphide,
[H2]+,Dihydrogen cation,g
[FCO]+,Fluorooxomethylium,g
BeO4S,"Beryllium Sulfate, Gamma",cr
H2B3FO3,Fluoroboroxin,g
SnBr2Cl2,tin(IV) dibromodichloride,
C12H15NO,1-benzyl-4-piperidone,
As2Se,arsenic hemiselenide,
(COOH)2,Oxalic acid,g
O2Zr,Zirconium Oxide,g
NH4Cl,ammonium chloride,
MoBr3,molybdenum(III) bromide,
CHCl2Br,Bromodichloromethane,g
[HOHOH]-,Trihydrogen dioxide anion,g
HKO+,"Potassium Hydroxide, Ion",g
Br2Si,Dibromosilylene,g
C18H36O2,stearic acid,
KIO,potassium hypoiodite,
CHFClBr,Fluorochlorobromomethane,g
CuWO4,copper(II) orthotungstate,
CdZrO3,cadmium metazirconate,
AgIO3,silver iodate,
Cs2O2,caesium peroxide,
[HFH]+,Fluoronium,g
HDO,Deuterium hydrogen monoxide,g
F2S2W,tungsten difluoride disulfide,
Cd3As2,cadmium arsenide,
H2S2O3,thiosulfuric acid,
2H2O,deuterium oxide,
[I2]+,Diiodine cation,g
CCl2Br2,Dichlorodibromomethane,g
[CH2OH]+,Hydroxymethylium,g
PoO,polonium monoxide,
NH2C6H4SO3H,sulfanilic Acid,
RbOH,rubidium hydroxide,
HIO3,iodic acid,
Li3AsO4,trilithium arsenate,
HC(O)OCH3,Methyl formate,g
SnO2,tin(IV) oxide,
AgCl3Cu2,dicopper silver trichloride,
[NNO]-,Nirous oxide anion,g
C14H30,tetradecane,
Na2CO3,sodium carbonate,
F6Fe2,diiron hexafluoride,
RbNbO3,rubidium niobate,
CO2,Carbon Dioxide,g
MgS,magnesium sulfide,g
F2P+,"Phosphorus Fluoride, Ion",g
Br2Li2,Lithium Bromide,g
Nb,Niobium,g
C4H7NO3,aceturic acid,
F3Mn,manganese trifluoride,
H2SeO3,selenous acid,
Br2Mg,Magnesium Bromide,g
C10H22,decane,
ClFLi2,Lithium Chloride Fluoride,g
AgNO3,silver nitrate,
Nb2O3,niobium(III) oxide,
H2S2O2,thiosulfurous acid,
F6Se,selenium hexafluoride,
I3Ti,Titanium Iodide,g
C2Cr3,Chromium Carbide,cr
SrF2,strontium fluoride,
CuCl2,copper(II) chloride,
NdCl2,neodymium dichloride,
POCl3,phosphoryl chloride,
C10H12O,estragole,
CN2,NCN Radical,g
Cl+,"Chlorine, Ion",g
F2O2S,sulfuryl fluoride,g
F2S+,"Sulfur Fluoride, Ion",g
KBrO4,potassium perbromate,
K3AsO4,potassium arsenate,
CdSO4,cadmium sulfate,
C7H16,heptane,g
Li2O3Si,Lithium Silicate,"cr,l"
C72H100CoN18O17P,adenosylcobalamin,
Tl3As,thallium(I) arsenide,
PbC2O4,lead oxalate,
CI4,Tetraiodomethane,g
[N2H]-,Diazene ion,g
BrN,Bromoimidogen,g
Al2O7Si2,aluminium silicate,
N4,Tetrazete,g
[HCOH]-,Hydroxymethylene anion,g
AlS,Aluminum Sulfide,g
S-,"Sulfur, Ion",g
TlI,thallium(I) iodide,
[CH3CHO]-,Acetaldehyde anion,g
C30H19NO9,Dynemicin A,
C19H16ClNO4,indometacin,
Ni-,"Nickel, Ion",g
BBr2,Dibromoborane,g
O8W3,Tungsten Oxide,g
BaSO3,barium sulfite,
PoF6,polonium hexafluoride,
C6H6N2O2,6-aminonicotinic acid,
ErO,erbium monoxide,
(CH2COOH)2,Succinic acid,g
HMgO,Magnesium Hydroxide,g
BBr2F,Dibromofluoroborane,g
V-,"Vanadium, Ion",g
C9H10O3,paeonol,
C3H4N2S,aminothiazole,
C2H2O2,glyoxal,
CaBr2,calcium bromide,
C2HF3,Trifluoroethylene,g
I2Ti,Titanium Iodide,g
V+,"Vanadium, Ion",g
CaTiO3,calcium titanate,
CH3CN,acetonitrile,
CsIO4,caesium periodate,
Na2ZrO3,sodium metazirconate,
Cu2Se,copper(I) selenide,
[CCH2]-,Vinylidene anion,g
MnBr2,manganese(II) bromide,
SeOCl2,selenium(IV) oxychloride,
[Br2]-,Dibromide,g
ZnSb,zinc antimonide,
WF5,tungsten(V) fluoride,
NbBr5,niobium(V) bromide,
Eu2O2,dieuropium dioxide,
H2CNH,Methylenimine,g
D-,"Deuterium, Ion",g
I-,"Iodine, Ion",g
[HNO3]+,Nitric acid cation,g
C3H4O3,pyruvic acid,
C2,Carbon,g
Al2S3,aluminium sulfide,cr
F3Li3,trilithium trifluoride,g
Li2O4S,Lithium Sulfate,g
H2N2O2,hyponitrous acid,
C12H22O11,maltose,
CoCrO4,cobalt(II) chromate,
MgPo,magnesium polonide,
O-,"Oxygen, Ion",g
C164H256Na2O68S2,maitotoxin,
CdCl2,cadmium chloride,
LiN,Lithium Nitride,g
SrSeO3,strontium selenite,
CdSeO3,cadmium selenite,
H4IN,Ammonium Iodide,cr
Hg+,"Mercury, Ion",g
Ni2SiO4,nickel(II) orthosilicate,
K2HAsO4,dipotassium hydrogen arsenate,
LiCNO,lithium cyanate,
ZrI4,zirconium iodide,
TlBr3,thallium(III) bromide,
HCONH2,formamide,
[FOF]+,Oxygen difluoride cation,g
C(OO),Dioxiranylidene,g
Al6BeO10,beryllium aluminium oxide,"cr,l"
F5U,uranium pentafluoride,
Br,Bromine,g
Li2WO4,lithium orthotungstate,
Zn3As2,zinc arsenide,
CZr,Zirconium Carbide,"cr,l"
Sr+,"Strontium, Ion",g
H2Cs2O2,Cesium Hydroxide,g
MoO3,Molybdenum trioxide,g
K2N2O2,potassium hyponitrite,
F2Y,yttrium difluoride,
RbNO3,rubidium nitrate,
Hg2Cl2,mercury(I) chloride,
H4ClNO4,Ammonium Perchlorate,cr
CH+,"Methylidyne, Ion",g
CrO2Cl2,chromium(VI) oxychloride,
Li2N2O2,lithium hyponitrite,
CdSO3,cadmium sulfite,
[C2]+,Ethynylene cation,g
F3Nd,neodymium trifluoride,
Rb3PO4,trirubidium phosphate,
C63H88CoN14O14P,cyanocobalamin,
LiH,lithium hydride,
SiCl4,silicon(IV) chloride,
CFO,Carbonyl Fluoride,g
CaF,Calcium Fluoride,g
C19H28O2,testosterone,
CH3COCl,acetyl chloride,
AsH3,arsine,
HgI2,mercury(II) iodide,g
H2Be,Beryllium Hydride,g
BeO,beryllium oxide bromellite,g
Li-,"Lithium, Ion",g
OTa,Tantalum Oxide,g
H2B,Borane,g
HC12H17ON4SCl2,thiamine hydrochloride,
F4OXe,xenon tetrafluoride oxide,
CTi,Titanium Carbide,"cr,l"
Hg,Mercury,g
VBr3,vanadium(III) bromide,
LiC2H5O,lithium ethoxide,
C12H16O3,oudenone,
[CN]+,Cyano cation,g
CClFO,Carbonic Chloride Fluoride,g
AgClO3,silver chlorate,
LiNbO3,lithium niobate,
Cu,Copper,g
H3FSi,Fluorosilane,g
ClS+,"Sulfur Chloride, Ion",g
Mn,Manganese,g
CS2,carbon disulfide,g
Al2S,dialuminium monosulfide,
FK,Potassium Fluoride,g
H4ClN,Ammonium Chloride,cr
Cl2Cs2,Cesium Chloride,g
Br4Pb,Lead Bromide,g
C3H7NO3,serine,
DLi,lithium deuteride,
C3H5NO,acrylamide,
C2K2N2,Potassium Cyanide,g
C4H9OH,butyl alcohol,
ZrSi2,zirconium silicide,
I2O5,iodine pentoxide,
CC(NN),3H-diazirin-3-ylidene-methylene,g
Nb2O5,Niobium Oxide,"cr,l"
Cl10W2,Tungsten Chloride,g
H14B10,Decaborane,g
C7H5Cl3O,"2,4,6-trichloroanisole",
F2W,tungsten difluoride,
WOF4,tungsten(VI) oxytetrafluoride,
AsCl3,arsenic trichloride,
HCsO+,"Cesium Hydroxide, Ion",g
[N2H]+,Diazenylium,g
[CH3CH]-,Ethylidene anion,g
[IO]+,Iodosyl ion,g
Co-,"Cobalt, Ion",g
WOCl3,tungsten(V) oxytrichloride,
HIO2,iodous acid,
CrSi2,chromium(II) silicide,
CCl3F,Triclorofluormethane,g
Na2S2O5,sodium disulfite,
C10H13N5O4,adenosine,
H6O6S,"Sulfuric Acid, Dihydrate","cr,l"
CoS,cobalt(II) sulfide,
CH3COORb,rubidium acetate,
H4XeO6,perxenic acid,
ErF3,erbium trifluoride,
Cl5Ta,Tantalum Chloride,g
AlO,aluminium monoxide,g
F3OTa,tantalum monoxide trifluoride,
FOTh,thorium monofluoride monoxide,
WBr6,tungsten(VI) bromide,
ICl,Iodine monochloride,g
Cl3Fe,Iron Chloride,g
AlCl6Na3,sodium hexachloroaluminate,cr
BrF,bromine monofluoride,g
FeI,iron monoiodide,
C44H69N15O9S,adrenorphin,
F4Ge2,digermanium tetrafluoride,
NSi2,Silicon Nitride,g
[COC]+,C=O-C cation,g
FFO,Fluorosyl fluoride,g
BCl2F,Dichlorofluoroborane,g
Cl2W,Tungsten Chloride,g
Cl2O3,chlorine trioxide,
HCN,hydrogen cyanide,g
[HClH]+,Chloronium,g
BBrF2,Bromodifluoroborane,g
BaMnO4,barium manganate,
MnZrO3,manganese(II) metazirconate,
CeI3,cerium(III) iodide,
CH3CH2CCH,1-Butyne,g
CNC,Isocyanomethylidyne,g
[OO(H)O]-,Hydrogen trioxide anion,g
B2Ti,Titanium Boride,"cr,l"
ClTi,Titanium Chloride,g
CaI,Calcium Iodide,g
Mo2S3,Molybdenum Sulfide,"cr,l"
F2S2,thiothionyl fluoride,g
[H2CN]-,Methyleneamidogen anion,g
[NH4]+,Ammonium,g
C4H12Si,Tetramethylsilane,g
F4MoS,molybdenum tetrafluoride monosulfide,
NHCl2,dichloramine,
P2I4,diphosphorus tetraiodide,
N+,"Nitrogen, Ion",g
Be2Cl4,Beryllium Chloride,g
CClO,Carbonyl Chloride,g
F2Gd,gadolinium difluoride,
HCOONH4,ammonium formate,
NH2OH,hydroxylamine,g
F2S-,"Sulfur Fluoride, Ion",g
C6H14N2O2,lysine,
CaTe,calcium telluride,
CsNO2,caesium nitrite,
N(CC),"2,3-didehydro-1H-azirin-1-yl",g
HCNO,fulminic acid,g
[CNH2]+,Aminomethyliumylidene,g
C8H8O3,4-hydroxyphenylacetic acid,
C18H24O2,estradiol,
CsIO2,caesium iodite,
C7H7N3,benomyl metabolite,
CCl3H,Chloroform,g
[HOBr]+,Hypobromous acid cation,g
NS,Nitrogen Sulfide,g
CCl2O,Carbonic Dichloride,g
HO-,"Hydroxyl, Ion",g
H9B5,Pentaborane,g
[NO3]-,Nitrate,g
NH,Imidogen,g
[CCN]+,Cyanomethyliumylidene,g
NaOCl,sodium hypochlorite,
AlTe2,monoaluminium ditelluride,
H2CO3,carbonic acid,
ClOClO3,chlorine perchlorate,
C5H4N2O2,pyrazinoic acid,
[HBr]+,Bromoniumyl,g
WS2,tungsten(IV) sulfide,
Be+,"Beryllium, Ion",g
Na,Sodium,g
F4S-,"Sulfur Fluoride, Ion",g
C5H12O4,pentaerythritol,
NOCl,nitrosyl chloride,
F2Ge,germanium difluoride,
SO2Cl2,sulfuryl chloride,
[CF2]+,Difluoromethyliumyl,g
[CHF]-,Fluoromethylene anion,g
C7H14O6,bornesitol,
NaNO2,sodium nitrite,
C3H9N3,"1,3,5-triazinane",
C9H9NO3,hippuric acid,
C6H5CH3,Toluene,g
ZrCl4,zirconium tetrachloride,
KI,potassium iodide,
HC6H7O6,ascorbic acid,
C3H6O2S,3-Mercaptopropionic acid,
Fe2I2,diiron diiodide,
[CH2CCH]+,2-Propynylium,g
H2K2O2,Potassium Hydroxide,g
IrBr3,iridium(III) bromide,
NaH2PO4,monosodium phosphate,
FTl,thallium monofluoride,
C7H6O5,gallic acid,
OBrO,Bromine dioxide,g
[C6H6]-,Benzene anion,g
OS,Sulfur Oxide,g
ZnTeO4,zinc tellurate,
HOOOH,Dihydrogen trioxide,g
[CH3NH]+,Methylaminilium,g
BaI2,barium iodide,g
Be4O4,Beryllium Oxide,g
F2Nd,neodymium difluoride,
B2H6,boron hydride,
CoAs,cobalt arsenide,
Cr3As2,chromium(II) arsenide,
[NH3]+,Aminium,g
Zn+,"Zinc, Ion",g
NiBr2,nickel(II) bromide,
ClH3O,Hydrochloric Acid,
Cl2S+,"Sulfur Chloride, Ion",g
NiSe,nickel(II) selenide,
WO2Cl2,tungsten(VI) dioxydichloride,
Be,Beryllium,g
C2H4Cl2,ethylene dichloride,
PCl5,phosphorus pentachloride,
CdF2,cadmium fluoride,
C8H16O6,Eleutheroside,
F2O2W,tungsten difluoride dioxide,
B4Li2O7,Lithium Borate,"cr,l"
N-,"Nitrogen, Ion",g
[FFH]+,Hydrogen difluoride cation,g
I2K2,Potassium Iodide,g
SOF2,thionyl difluoride,
TeI4,tellurium(IV) iodide,
TiCl2I2,titanium(IV) dichlorodiiodide,
LaI3,lanthanum(III) iodide,
[HD]+,Deuterium hydride cation,g
FP,phosphorus monofluoride,g
Sb2O5,antimony(V) oxide,
CaC2O4,calcium oxalate,
F3Th,thorium trifluoride,
C10H7NO2,quinaldic acid,
CeB6,cerium boride,
N(O3)N,"2,4,5-Trioxa-1,3-diazabicyclo[1.1.1]pentane",g
LiOH,lithium hydroxide,
Cl6Fe2,Iron Chloride,g
YbF3,ytterbium(III) fluoride,
C6H14O4,triethylene glycol,
Na2SO3,sodium sulfite,
WO3,tungsten(VI) oxide,
LiNO3,lithium nitrate,
BeCO3,beryllium carbonate,
O(CHCH),Oxirene,g
OSi,Silicon Oxide,g
GaBr3,gallium(III) bromide,
Li2HPO3,dilithium phosphite,
C7H9BO2,4-methylphenylboronic acid,
Rb,Rubidium,g
IK,Potassium Iodide,g
ClMg,Magnesium Chloride,g
F6Pu,plutonium hexafluoride,
Co2SO4,cobalt(II) sulfate,
TlNO3,thallium(I) nitrate,
VBr2,vanadium(II) bromide,
CH3CH,Ethylidene,g
IMo,Molybdenum Iodide,g
Mo-,"Molybdenum, Ion",g
Zr+,"Zirconium, Ion",g
InSb,indium(III) antimonide,
[HOOOH]+,Dihydrogen trioxide cation,g
O(NN),Oxadiazirine,g
CMgO3,Magnesium Carbonate,cr
Be5O5,Beryllium Oxide,g
FW,tungsten monofluoride,g
BaSiF6,barium hexafluorosilicate,
C5H6BNO2,3-pyridinylboronic acid,
C8H6BrN,5-bromoindole,
C2H2I2,"(E)-1,2-Diiodoethene",g
CF2O,Carbonic Difluoride,g
CrF4,chromium(IV) fluoride,
CuO4S,Copper Sulfate,cr
HCCF,Fluoroacetylene,g
CK2O3,Potassium Carbonate,"cr,l"
FeS2,"Iron Sulfide, Pyrite",cr
Br2Sr,Strontium Bromide,g
CuF,copper(I) fluoride,g
C2H5Br,bromoethane,
C5H10,cyclopentane,
CH3OCH3,dimethyl ether,g
SrCO3,strontium carbonate,
C13H12F2N6O,fluconazole,
NH2CH2CH2NH2,ethylenediamine,
BrMg,Magnesium Bromide,g
Cl2Li2,Lithium Chloride,g
RuO4,ruthenium tetroxide,
TaBr3,tantalum(III) bromide,
K2SO4,potassium sulfate,
C12H10ClN2O5S,furosemide,
CoO,cobalt(II) oxide,cr
CaI2,calcium iodide,g
RbIO2,rubidium iodite,
CH3ONa,sodium methoxide,
Eu2S,dieuropium monosulfide,
C6H5Br,bromobenzene,g
N2H,Diazenyl,g
NNCC,Diazoethenylidene,g
BrW,Tungsten Bromide,g
LiH2AsO4,lithium dihydrogen arsenate,
F2,fluorine,ref
HKO,Potassium Hydroxide,g
HIO4,periodic acid,
Li3PO3,trilithium phosphite,
CaWO4,calcium tungstate,
[ONO]-,Nitrite,g
[C6H5]+,Phenylium,g
C161H236N42O48,leumorphin,
F2SW,tungsten difluoride monosulfide,
H2C(OO),Dioxirane,g
CH3CO,Acetyl,g
KO2,Potassium Superoxide,cr
F2P-,"Phosphorus Fluoride, Ion",g
SrMoO4,strontium orthomolybdate,
Sb2Se3,antimony(III) selenide,
CF3H,Fluoroform,g
BF4K,Potassium Tetrafluoroborate,g
H2N,Amidogen,g
SnCl2I2,tin(IV) dichlorodiiodide,
K2SO3,potassium sulfite,
EuCl3,europium(III) chloride,
CH2NH2,Aminomethyl,g
[HCNH]+,Iminomethyl cation,g
H3PO3,phosphorous acid,
Tl2MoO4,thallium(I) orthomolybdate,
ZrF4,zirconium fluoride,
CaAl2O4,calcium aluminate,
[H2CO]+,Formaldehyde cation,g
[CF3]-,Trifluoromethide,g
Cl4Mg2,Magnesium Chloride,g
HMgO+,"Magnesium Hydroxide, Ion",g
CH3Cl3Si,Trichloromethylsilane,g
CHO,Formyl,g
CsBrO3,caesium bromate,
Mg2SiO4,forsterite,
[C6H5I]+,Iodobenzene cation,g
F3Sm,samarium trifluoride,
Fe2O3,venetian red,cr
I2Li2,Lithium Iodide,g
AsF5,arsenic pentafluoride,
MgSO3,magnesium sulfite,
C12H26,dodecane,
(CH3)3N,Trimethylamine,g
[CH3CH2OH]+,Ethyloxoniumyl,g
[C6H6]+,Benzene cation,g
Cl4Si,Tetrachlorosilane,g
C17H24O9,Eleutheroside B,
AlCl4Cs,aluminium caesium tetrachloride,
C3HN,cyanopolyyne,
KClO,potassium hypochlorite,
CHF2Br,Bromodifluoromethane,g
LiBrO4,lithium perbromate,
InS,indium(II) sulfide,
C6H12O6,fructose,
Yb2Se3,ytterbium(III) selenide,
S2,Sulfur,g
H3ClSi,Chlorosilane,g
[CCH2]+,1-Ethenylium-1-yl,g
YbCl2,ytterbium(II)chloride,
HNO,nitroxyl,g
BrTi,Titanium Bromide,g
Mn+,"Manganese, Ion",g
GeI2,germanium(II) iodide,
WOBr4,tungsten(VI) oxytetrabromide,
C17H24O,falcarinol,
LiIO,lithium hypoiodite,
TiH2,titanium hydride,
Br4Fe2,Iron Bromide,g
Si2,Silicon,g
C2F2,Difluoroethyne,g
RaCl2,radium chloride,
NaSeO3,sodium selenite,
CsBrO4,caesium perbromate,
MgC2O4,magnesium oxalate,
[HOF]+,Hypofluorous acid cation,g
[HCOH]+,Hydroxymethylene cation,g
F3OP,phosphoryl fluoride,g
NaO2,Sodium Superoxide,cr
F2OSi,difluorooxosilane,g
CdWO4,cadmium tungstate,
CH3CH2OCH2CH3,ethoxyethane,
F5Sb,antimony pentafluoride,
[CH3C]+,1-Ethylium-1-ylidene,g
[HF]-,Hydrofluorate ion,g
CaSeO4,calcium selenate,
YbSe,ytterbium(II) selenide,
Cu3P,copper(I) phosphide,
WCl5,tungsten(V) chloride,
C8H18O,Octanol,
F4SW,tungsten tetrafluoride monosulfide,
BrCN,Cyanogen bromide,g
(H2O)O,Oxywater,g
CN+,"Cyanogen, Ion",g
AuBr,gold bromide,
C6H12O3,4-Hydroxy-4-methylpentanoic acid,
HAt,hydrogen astatide,
CH2,Methylene,g
Al2O2,dialuminium dioxide,g
BaF+,"Barium Fluoride, Ion",g
Li2O,lithium oxide,g
B2,Boron,g
C17H22O2,oenanthotoxin,
SnCl2,tin(II) chloride,
[NOH]+,Hydroxyaminiumyl,g
[C2H3]-,Vinyl anion,g
[NCCN]+,Cyanogen cation,g
[H2NO]+,Nitroxyl cation,g
I2Si,Diiodosilylene,g
P-,"Phosphorus, Ion",g
CeS,cerium(II) sulfide,
CH2CH2OH,2-Hydroxyethyl,g
FeAsS,iron arsenic sulfide,
NdI2,neodymium diiodide,
C9H6BrN,4-bromoisoquinoline,
YbSi2,ytterbium(II) silicide,
AgBrO3,silver bromate,
MgWO4,magnesium tungstate,
HFCO,Formyl fluoride,g
F5P,phosphorus pentafluoride,g
CaCl2,calcium chloride,g
Na2TiO3,sodium metatitanate,
GaPO4,gallium(III) orthophosphate,
MgSe,magnesium selenide,
AlF3,aluminium trifluoride,g
N3,Azide,g
HClO,hypochlorous acid,g
C3H7N,azetidine,
C6H5NO2,picolinic acid,
HClO2,chlorous acid,
C7H12O4,diethyl malonate,
C18H38,octadecane,
NaBr,sodium bromide,
[XeH]+,Xenon hydride cation,g
HMg,Magnesium Hydride,g
MgO4W,Magnesium Tungsten Oxide,cr
BaO,barium oxide,g
F2S,sulfur difluoride,g
F4OS,sulfur tetrafluoride oxide,
[H2CNH]-,Methanimine anion,g
HOSr,Strontium Hydroxide,g
Hf,Hafnium,g
Br2Pb,Lead Bromide,g
FeTiO3,iron(II) metatitanate,
As4O5,tetraarsenic pentaoxide,
K2Cr2O7,potassium dichromate,
HArF,argon fluorohydride,
C11H12O3,myristicin,
ONO,Nitrogen dioxide,g
Cl3Cu3,Copper Chloride,g
ClLiO4,Lithium Perchlorate,"cr,l"
HBS+,"Boron Hydride Sulfide, Ion",g
CoCr2O4,cobalt(II) chromite,
Li2SeO3,lithium selenite,
CuCl,copper(I) chloride,
H4AlLi,Lithium Tetrahydroaluminate,cr
CSi,Silicon Carbide,g
FLi2,dilithium monofluoride,
FSn,tin monofluoride,
HCCBr,Bromoacetylene,g
IPb,Lead Iodide,g
ClLi,Lithium Chloride,g
GeBr4,germanium(IV) bromide,
KH2PO3,monopotassium phosphite,
EuI2,europium diiodide,
(CO)(C),COC vdW,g
F2Mg,magnesium fluoride,g
B4O7Pb,Lead Borate,cr
B+,"Boron, Ion",g
CH3SCH3,dimethyl sulfide,
LaBr3,lanthanum(III) bromide,
[C6H4]-,o-Benzyne anion,g
H2Na2O2,Sodium Hydroxide,g
C2HF,Fluoroethyne,g
Co2SnO4,cobalt(II) stannate,
NV,Vanadium Nitride,g
OSr,Strontium Oxide,g
B,Boron,g
Li2SiO3,lithium metasilicate,
MgCrO4,magnesium chromate,
Fe+,"Iron, Ion",g
AlClF+,"Aluminum Chloride Fluoride, Ion",g
Hf-,"Hafnium, Ion",g
Li2O2,lithium peroxide,g
C10H8,Naphthalene,
CsI,caesium iodide,
C11H8O2,menadione,
ZnCr2O4,zinc chromite,
[IO]-,Hypoiodite,g
C2H5NH2,ethylamine,
NON,NON,g
AlCl2+,"Aluminum Chloride, Ion",g
BeI,Beryllium Iodide,g
CaCl,Calcium Chloride,g
Cl2O2S,Sulfuryl Chloride,g
CsI3,caesium triiodide,
MoCl2,molybdenum(II) chloride,
[CH3I]+,Methyl iodide cation,g
FTh,thorium monofluoride,
BaS2O3,barium thiosulfate,
C15H31N3O13P2,Deoxyribonucleic Acid,
BaSeO4,barium selenate,
FNO3,fluorine nitrate,g
C3Cr7,Chromium Carbide,cr
F3S,sulfur trifluoride,g
C6H10O3,4-acetylbutyric acid,
[HONO]+,Hydroxyoxoammoniumyl,g
N4Si3,"Silicon Nitride, Alpha",cr
AlF2+,"Aluminum Fluoride, Ion",g
Na2,Sodium,g
LiO-,"Lithium Oxide, Ion",g
H10O8S,"Sulfuric Acid, Tetrahydrate","cr,l"
F3Yb,ytterbium trifluoride,
NaC6H5COO,sodium benzoate,
[ONO]+,Nitryl ion,g
AsP,arsenic monophosphide,
F5I,iodine pentafluoride,g
CaO,calcium oxide,g
CH2O,formaldehyde,g
MgF2,magnesium fluoride,
C5H9NO4,glutamic acid,
MgMoO4,magnesium molybdate,
CrPO4,chromium(III) phosphate,
[(H2O)(O2)]+,Dioxygenyl ion monohydrate,g
SiC,silicon carbide,
[HO2]-,Peroxide ion,g
BrNC,Isocyanogen bromide,g
VOSO4,vanadium oxysulfate,
MnMoO4,manganese(II) orthomolybdate,
F3Ga,gallium trifluoride,
WBr2,tungsten(II) bromide,
C6H5,Phenyl,g
Li2,Lithium,g
ClO3F,chlorine trioxide fluoride,
AlOSi,aluminium silicon monoxide,
BaF2,Barium Fluoride,g
EuO2V,monoeuropium monovandium dioxide,
C2Cl6,Hexachloroethane,g
K2O,potassium oxide,cr
F2N2,"Nitrogen Fluoride, Trans",g
CoF2,cobalt(II) fluoride,g
Li2CO3,lithium carbonate,
C3H3N,azete,
NbCl5,niobium(V) chloride,
Ag2CrO4,silver chromate,
CH2F2,Difluoromethane,g
Cl4Co2,Cobalt Chloride,g
Br3Mo,Molybdenum Bromide,g
C3,Carbon,g
CaC2,calcium carbide,
[CF3]+,Trifluoromethylium,g
ILi,Lithium Iodide,g
Br4Si,Tetrabromosilane,g
W+,"Tungsten, Ion",g
CoTe,cobalt(II) telluride,
NaBrO4,sodium perbromate,
CdO,cadmium oxide,
Cu2Te,copper(I) telluride,
CH2ClBr,Chlorobromomethane,g
CH(CHCH),Cyclopropenyl,g
B2F4O,Difluoroborane Oxide,g
C12H8O4,methoxsalen,
OOO,Ozone,g
NH2,Amidogen,g
F10S2,sulfur fluoride,g
Fe7Si8O24H2,amosite brown asbestos grunerite,
Co2B,cobalt boride,
C9H8N2,5-aminoisoquinoline,
H2S2O4,dithionous acid,
LiHSO3,lithium bisulfite,
CH3CHOH,1-Hydroxyethyl,g
C40H56,lycopene,
Br2Zr,Zirconium Bromide,g
CH3CONH2,acetamide,
ZnZrO3,zinc metazirconate,
CoSeO3,cobalt(II) selenite,
C6H7LiO6,lithium ascorbate,
He,Helium,ref
CdTeO4,cadmium tellurate,
CsBrO2,caesium bromite,
PbO,lead(II) oxide,
SrO,strontium oxide,
ClI,Iodine Chloride,g
Rb2,Rubidium,g
HBCl2,Dichloroborane,g
HgO,mercury(II) oxide,g
S+,"Sulfur, Ion",g
Mn3O4,trimanganese tetroxide,
Cr2Se3,chromium(III) selenide,
Ga2Te3,gallium(III) telluride,
[FCN]+,Cyanogen fluoride cation,g
Rn+,"Radon, Ion",g
CrF6,chromium(VI) fluoride,
C+,"Carbon, Ion",g
Al2O+,"Aluminum Oxide, Ion",g
Be2O2,Beryllium Oxide,g
F3Mo,molybdenum trifluoride,g
HBrO3,bromic acid,
F3Tl,thallium trifluoride,
Cl2O6,chlorine hexoxide,
CsC2H3O2,caesium acetate,
[O(CHCH)]+,Oxirene cation,g
C5H4N4S,mercaptopurine,
C6N4,tetracyanoethylene,
CFN,Cyanogen Fluoride,g
Fe2S3,marcasite,
K2O2,potassium peroxide,cr
N,Nitrogen,g
Cl2Sr,Strontium Chloride,g
HF3Si,Trifluorosilane,g
K2S2O3,potassium thiosulfate,
Cr2S3,chromium(III) sulfide,
US2,uranium sulfide,
NO,nitric oxide,g
Zn-,"Zinc, Ion",g
CsHCO3,caesium bicarbonate,
C9H11NO3,tyrosine,
HBrO,hypobromous acid,
C4H9Li,n-butyllithium,
[H2]-,Dihydrogen anion,g
CNNa,Sodium Cyanide,g
F2Mo,molybdenum difluoride,g
C6H3Cl3O,"2,4,6-Trichlorophenol",
FeZrO3,iron(II) metazirconate,
BrCH2CH2OH,2-Bromoethanol,g
H2C2O4,oxalic acid,
Eu2S2,dieuropium disulfide,
NiFe2O4,nickel(II) iron(III) oxide,
AlCl2,Aluminum Chloride,g
ClF3,chlorine trifluoride,g
ClS2,Sulfur Chloride,g
MnCl2,manganese(II) chloride,
(CClH2)2,"1,2-Dichloroethane",g
Br+,"Bromine, Ion",g
[CNNC]-,Diisocyanogen anion,g
Rn,Radon,ref
O10P4,Phosphorus Oxide,g
VOC2O4,vanadyl oxalate,
KAsO2,potassium arsenite,
C6H4ClNO2,6-chloro-2-pyridinecarboxylic acid,
Ne,Neon,ref
C12H11N5,6-benzylaminopurine,
F3W,tungsten trifluoride,
HN3,hydrazoic acid,
ClCN,Cyanogen chloride,g
[C2]-,Carbide,g
[OOO]+,Ozone cation,g
[BrO]-,Hypobromite,g
SnSe2,tin(IV) selenide,
UO2Cl2,uranyl chloride,
Na2S2O3,sodium thiosulfate,
CH3C(O)CH3,Acetone,g
SnBr2,tin(II) bromide,
[HCl]-,Hydrochlorate ion,g
ErF2,erbium difluoride,
AuF3,gold trifluoride,
C12H16N2,"N,N-Dimethyltryptamine",
[HCN]-,Hydrogen cyanide anion,g
CH3CH2CH2CH2OH,butan-1-ol,
F2La,lanthanum difluoride,
EuO3Ti,europium titanium trioxide,
SnBr4,tin(IV) bromide,
TaI5,tantalum(V) iodide,
SiH4,silane,
[F3]-,Trifluoride ion,g
BeO4W,Beryllium Tungsten Oxide,cr
Be2O,Beryllium Oxide,g
WCl2,tungsten(II) chloride,
AgBrO2,silver bromite,
CH3CHCH2,propene,g
B2Mg,Magnesium Boride,cr
HCaO+,"Calcium Hydroxide, Ion",g
F3NO3S,difluoraminooxysulfonyl fluoride,
C21H36N7O16P3S,Coenzyme A,
CdC2O4,cadmium oxalate,
AgIO,silver hypoiodite,
AlF6Li3,lithium hexafluoroaluminate,"cr,l"
Mo,Molybdenum,g
S3,Sulfur,g
AgCl,silver chloride,
NaIO3,sodium iodate,
(CBrH2)2,"1,2-Dibromoethane",g
[CH]-,Methylidyne anion,g
C6Cr23,Chromium Carbide,cr
CoI2,cobalt(II) iodide,
CrSb,chromium antimonide,
Mn3As2,manganese(II) arsenide,
C9H18N2O2,1-boc-piperazine,
[CO]-,Carbon monoxide anion,g
AlF,aluminium monofluoride,g
[CH3CH2]+,Ethylium,g
H2BeO2,Beryllium Hydroxide,g
F5ORe,rhenium monoxide pentafluoride,
KBrO3,potassium bromate,
AgMnO4,silver permanganate,
F6Xe,xenon hexafluoride,
WOCl4,tungsten(VI) oxytetrachloride,
TlC2H3O2,thallium(I) acetate,
[CH3OH]+,Methanol cation,g
CaTeO3,calcium tellurite,
AlFO,aluminium monofluoride monoxide,g
Cl2Mg,Magnesium Chloride,g
Cl2S2,Sulfur Chloride,g
Cl4Pb,Lead Chloride,g
O4SZn,Zinc Sulfate,cr
NiAs,nickel(III) arsenide,
TiBr4,titanium(IV) bromide,
[NO]+,Nitrosyl ion,g
C5H6O5,Î±-Ketoglutaric acid,
C4H3FN2O2,fluorouracil,
RbBr,rubidium bromide,
HBe,Beryllium Hydride,g
FSm,samarium monofluoride,
CdCrO4,cadmium chromate,
ZnSeO3,zinc selenite,
DN,Imidogen-D,g
AlF+,"Aluminum Fluoride, Ion",g
C20H24O2N2,quinine,
F6Sn3,tritin hexafluoride,
Sb2O3,antimony(III) oxide,
H2O,Dihydrogen Monoxide,fl
I,Iodine,g
SSi,Silicon Sulfide,g
ClF5S,Sulfur Chloride Fluoride,g
HC3H5O3,lactic acid,
CH2C(CH3)2,Isobutene,g
D2O,deuterium oxide,g
O2P,Phosphorus Oxide,g
P+,"Phosphorus, Ion",g
H3BO3,Boric Acid,g
CoTiO3,cobalt(II) titanate,
C14H10O14,benzoyl peroxide,
C10H10O2,safrole,
HAl,Aluminum Hydride,g
CsBr3,caesium tribromide,
CrCl2,chromium(II) chloride,
[CH3NH]-,Methylamidogen anion,g
[HNOH]+,Hydroxyaminylium,g
PbS,lead(II) sulfide,g
CS,Carbon Sulfide,g
C3H8O,propanol,
WSe2,tungsten(IV) selenide,
TlCl3,thallium(III) chloride,
CH2FBr,Fluorobromomethane,g
Al2Br6,dialuminium hexabromide,g
F2Ga,gallium difluoride,
YbTe,ytterbium(II) telluride,
SiI4,silicon(IV) iodide,
CF2Cl2,Difluorodichloromethane,g
CaCN2,calcium cyanamide,
F4OOs,osmium oxide tetrafluoride,
AlF4K,potassium tetrafluoroaluminate,
HBrO2,bromous acid,
C4H8O3,gamma-Hydroxybutyric acid,
ITi,Titanium Iodide,g
[ClCN]+,Cyanogen chloride cation,g
[CH3OOH]+,Methyl hydroperoxide cation,g
Ce2C3,cerium(III) carbide,
C10H12O2,pseudoisoeugenol,
CuTeO3,copper(II) tellurite,
In2S3,indium(III) sulfide,
TlF,thallium(I) fluoride,
N2,nitrogen,ref
FP+,"Phosphorus Fluoride, Ion",g
Na2S2,Sodium Sulfide,"cr,l"
F5Mo,molybdenum pentafluoride,g
HfF4,hafnium(IV) fluoride,
GaCl3,gallium trichloride,
[HCCO]+,Oxoethenylium,g
C6H13NO,N-ethylmorpholine,
ZnO,zinc oxide,
BLiO2,Lithium Borate,g
C8H10N4O2,Caffeine,
SnTe,tin(II) telluride,
C9H8O2,cinnamic acid,
ZnTe,zinc telluride,
F2Th,thorium difluoride,
Cl2Ti,Titanium Chloride,g
KClO4,potassium perchlorate,
CdSe,cadmium selenide,
HBF2O,Difluorohydroxyborane,g
Si,Silicon,g
SnBrCl3,tin(IV) bromotrichloride,
MnCO3,manganese(II) carbonate,
ZnSnO3,zinc stannate,
C4H10,butane,
C10H20N2O2,boc-4-aminopiperidine,
C13H18O2,ibuprofen,
[CF2]-,Difluoromethylene anion,g
O6W2,Tungsten Oxide,g
LiCN,lithium cyanide,
Li2TeO4,lithium tellurate,
Ag2Cl2,silver(II) dichloride,
C6H14N4O2,arginine,
C4H2BrClN2,5-bromo-2-chloropyrimidine,
ClF5,chlorine pentafluoride,g
F2Na2,disodium difluoride,g
O2-,"Oxygen, Ion",g
FLa,lanthanum monofluoride,
USe2,uranium diselenide,
FeC2O4,iron oxalate,
Na3C6H5O7,trisodium citrate,
Be2,Beryllium,g
NOO,Peroxyimidogen,g
BKO2,Potassium Borate,g
NSi,Silicon Nitride,g
N2O4,dinitrogen tetroxide,g
HBaO+,"Barium Hydroxide, Ion",g
SnI4,tin(IV) iodide,
CsCNO,caesium fulminate,
CH2(CH2CH2),Cyclopropane,g
CsClO2,caesium chlorite,
F4Pb,lead tetrafluoride,g
CF8S,Pentafluoro(Trifluoromethyl)Sulfur,g
F7NS,pentafluorosulfanyldifluoroamine,
WO2Br2,tungsten(VI) dioxydibromide,
C7H6O4,protocatechuic acid,
BaTiO3,barium titanate,
ZnF2,zinc fluoride,
[CH3CC]+,1-Propynylium,g
